episode_reward_max,episode_reward_min,episode_reward_mean,episode_len_mean,episodes_this_iter,num_healthy_workers,timesteps_total,timesteps_this_iter,agent_timesteps_total,done,episodes_total,training_iteration,trial_id,experiment_id,date,timestamp,time_this_iter_s,time_total_s,pid,hostname,node_ip,time_since_restore,timesteps_since_restore,iterations_since_restore,hist_stats/episode_reward,hist_stats/episode_lengths,sampler_perf/mean_raw_obs_processing_ms,sampler_perf/mean_inference_ms,sampler_perf/mean_action_processing_ms,sampler_perf/mean_env_wait_ms,sampler_perf/mean_env_render_ms,timers/load_time_ms,timers/load_throughput,timers/learn_time_ms,timers/learn_throughput,info/num_steps_sampled,info/num_agent_steps_sampled,info/num_steps_trained,info/num_steps_trained_this_iter,info/num_agent_steps_trained,info/last_target_update_ts,info/num_target_updates,perf/cpu_util_percent,perf/ram_util_percent,info/learner/default_policy/td_error,info/learner/default_policy/learner_stats/cur_lr,info/learner/default_policy/learner_stats/mean_q,info/learner/default_policy/learner_stats/min_q,info/learner/default_policy/learner_stats/max_q,info/learner/default_policy/learner_stats/mean_td_error
51.0,-16.0,24.25925925925926,36.44444444444444,27,0,1000,32,1000,False,27,1,default,007501b49004447ebb0f0b5791bbb6ca,2024-01-22_13-23-02,1705947782,2.3185126781463623,2.3185126781463623,22860,shossain-Legion-5,10.226.80.58,2.3185126781463623,32,1,"[-16.0, 28.0, 32.0, 19.0, 23.0, 42.0, 34.0, 18.0, 51.0, -16.0, 43.0, 25.0, 41.0, 28.0, 24.0, -16.0, 46.0, 34.0, 18.0, 14.0, 5.0, 32.0, 11.0, 4.0, 48.0, 36.0, 47.0]","[60, 38, 56, 25, 21, 24, 21, 37, 15, 60, 23, 30, 36, 38, 31, 60, 20, 32, 48, 52, 50, 34, 55, 51, 18, 30, 19]",0.08440232062554147,1.3759212417678757,0.15032660591971506,0.4578546567873045,0.0,0.067,474267.59,107.929,296.492,1000,1000,32,32,32,1000,1,10.975000000000001,50.825,"[  0.30663586   0.16753042 -10.686705     1.4024763    1.9264542
   3.151347     7.0212193   -9.350173     0.6097357   -9.175133
   2.7929797  -10.097893     0.9096576    1.6561679   -0.66493917
   1.6561679    2.0811927    1.477495     0.5837652    5.632483
   1.4326041    1.109936     0.38345623  -0.8018663    0.84961605
   0.30663586   6.5583143    2.6135957    2.1873813    1.7171009
   3.3308918    4.922428  ]",0.0005000000237487257,2.6972818,0.28373063,9.051972,0.50033
56.0,-16.0,27.274193548387096,32.16129032258065,35,0,2000,32,2000,False,62,2,default,007501b49004447ebb0f0b5791bbb6ca,2024-01-22_13-23-04,1705947784,2.812225580215454,5.130738258361816,22860,shossain-Legion-5,10.226.80.58,5.130738258361816,64,2,"[-16.0, 28.0, 32.0, 19.0, 23.0, 42.0, 34.0, 18.0, 51.0, -16.0, 43.0, 25.0, 41.0, 28.0, 24.0, -16.0, 46.0, 34.0, 18.0, 14.0, 5.0, 32.0, 11.0, 4.0, 48.0, 36.0, 47.0, 27.0, 20.0, 32.0, 48.0, 24.0, 32.0, 42.0, 25.0, 51.0, 38.0, 2.0, 56.0, 36.0, 38.0, 19.0, 39.0, 19.0, 22.0, 31.0, 29.0, 23.0, 12.0, 42.0, 35.0, 7.0, 16.0, 19.0, 11.0, 46.0, 27.0, 47.0, 35.0, 24.0, 17.0, 45.0]","[60, 38, 56, 25, 21, 24, 21, 37, 15, 60, 23, 30, 36, 38, 31, 60, 20, 32, 48, 52, 50, 34, 55, 51, 18, 30, 19, 28, 24, 34, 18, 31, 34, 13, 30, 26, 17, 42, 21, 19, 17, 47, 16, 47, 33, 24, 26, 21, 43, 13, 20, 48, 39, 47, 44, 31, 17, 30, 31, 31, 27, 21]",0.08613438333686628,1.2384928675820326,0.11900141189146074,0.4664181358011281,0.0,0.063,508015.625,2.652,12065.491,2000,2000,8032,32,8032,1504,2,9.65,51.87500000000001,"[ 0.65535545  0.79990387 -9.533503   -8.654509    0.45618343 -7.277467
 -9.403537    0.30530262 -8.078545   -8.035272    1.2890353  -8.699097
 -8.034094    1.2890353  -8.777039    0.8942331  -9.577305    0.8331541
  0.53488445 -8.768571    1.1154974  -6.479619   -8.723352    1.9791651
  0.8331541   0.6255517   0.57991123 -9.528851   -8.777039   -8.039986
  0.65535545 -5.7334566 ]",0.0005000000237487257,4.6099315,1.1633657,11.595775,-4.03986
56.0,-16.0,29.99,28.42,41,0,3000,32,3000,False,103,3,default,007501b49004447ebb0f0b5791bbb6ca,2024-01-22_13-23-07,1705947787,2.8154993057250977,7.946237564086914,22860,shossain-Legion-5,10.226.80.58,7.946237564086914,96,3,"[19.0, 23.0, 42.0, 34.0, 18.0, 51.0, -16.0, 43.0, 25.0, 41.0, 28.0, 24.0, -16.0, 46.0, 34.0, 18.0, 14.0, 5.0, 32.0, 11.0, 4.0, 48.0, 36.0, 47.0, 27.0, 20.0, 32.0, 48.0, 24.0, 32.0, 42.0, 25.0, 51.0, 38.0, 2.0, 56.0, 36.0, 38.0, 19.0, 39.0, 19.0, 22.0, 31.0, 29.0, 23.0, 12.0, 42.0, 35.0, 7.0, 16.0, 19.0, 11.0, 46.0, 27.0, 47.0, 35.0, 24.0, 17.0, 45.0, 38.0, 27.0, 35.0, 35.0, 36.0, 43.0, -5.0, 42.0, 41.0, 46.0, 25.0, 27.0, 39.0, 31.0, 44.0, 31.0, 25.0, 17.0, 52.0, 56.0, 41.0, 43.0, 40.0, 46.0, 22.0, 42.0, 32.0, 44.0, 18.0, 32.0, 35.0, 22.0, 33.0, 44.0, 12.0, 31.0, 22.0, 42.0, 35.0, 21.0, 10.0]","[25, 21, 24, 21, 37, 15, 60, 23, 30, 36, 38, 31, 60, 20, 32, 48, 52, 50, 34, 55, 51, 18, 30, 19, 28, 24, 34, 18, 31, 34, 13, 30, 26, 17, 42, 21, 19, 17, 47, 16, 47, 33, 24, 26, 21, 43, 13, 20, 48, 39, 47, 44, 31, 17, 30, 31, 31, 27, 21, 17, 39, 20, 20, 19, 12, 60, 35, 14, 9, 30, 28, 27, 24, 11, 35, 30, 38, 14, 21, 14, 23, 15, 20, 22, 24, 23, 11, 37, 34, 20, 22, 22, 11, 43, 13, 44, 13, 31, 23, 34]",0.08738663998365531,1.1574577870617306,0.10050622056361497,0.4713126017396137,0.0,0.066,481239.613,2.726,11737.141,3000,3000,16032,32,16032,2512,4,10.299999999999999,52.0,"[ 0.92242146  0.38050413  0.8795109   0.8795109  -6.7637863   0.51051617
  1.3643651   1.2876425   0.36408997 -7.8852787   0.6888709   2.4740496
  0.74146986  0.59259593 -9.393289    0.82748675  0.38050413 -7.8634195
  2.2758012   0.82748675 -7.9141684  -9.343055   -8.609994    1.0119805
 -9.293428    0.77599764  2.2758012  -8.655691   -8.046268   -8.609994
 -9.613125   -7.680396  ]",0.0005000000237487257,5.634965,0.70631206,10.790554,-2.8191028
56.0,-27.0,32.38,25.48,41,0,4000,32,4000,False,144,4,default,007501b49004447ebb0f0b5791bbb6ca,2024-01-22_13-23-10,1705947790,2.8480606079101562,10.79429817199707,22860,shossain-Legion-5,10.226.80.58,10.79429817199707,128,4,"[22.0, 31.0, 29.0, 23.0, 12.0, 42.0, 35.0, 7.0, 16.0, 19.0, 11.0, 46.0, 27.0, 47.0, 35.0, 24.0, 17.0, 45.0, 38.0, 27.0, 35.0, 35.0, 36.0, 43.0, -5.0, 42.0, 41.0, 46.0, 25.0, 27.0, 39.0, 31.0, 44.0, 31.0, 25.0, 17.0, 52.0, 56.0, 41.0, 43.0, 40.0, 46.0, 22.0, 42.0, 32.0, 44.0, 18.0, 32.0, 35.0, 22.0, 33.0, 44.0, 12.0, 31.0, 22.0, 42.0, 35.0, 21.0, 10.0, 49.0, 45.0, 45.0, 48.0, 31.0, 16.0, 30.0, 41.0, 41.0, 35.0, 18.0, 52.0, 31.0, 12.0, 48.0, 43.0, 6.0, 35.0, 40.0, -27.0, 50.0, 38.0, 22.0, 32.0, 44.0, 53.0, 49.0, 21.0, 35.0, 7.0, 40.0, 39.0, 49.0, 47.0, 36.0, 28.0, 40.0, 26.0, 32.0, 50.0, 21.0]","[33, 24, 26, 21, 43, 13, 20, 48, 39, 47, 44, 31, 17, 30, 31, 31, 27, 21, 17, 39, 20, 20, 19, 12, 60, 35, 14, 9, 30, 28, 27, 24, 11, 35, 30, 38, 14, 21, 14, 23, 15, 20, 22, 24, 23, 11, 37, 34, 20, 22, 22, 11, 43, 13, 44, 13, 31, 23, 34, 17, 21, 21, 29, 24, 39, 14, 25, 25, 20, 26, 14, 24, 43, 7, 23, 60, 20, 15, 60, 16, 17, 33, 34, 11, 13, 17, 23, 20, 59, 15, 16, 17, 8, 8, 38, 26, 29, 12, 16, 45]",0.08912679144976485,1.0492497942691905,0.07578037392289047,0.47925312900315575,0.0,0.063,505528.166,2.506,12770.235,4000,4000,24032,32,24032,3520,6,9.775,52.025,"[-3.9452477  -7.3483353   1.0752037  -8.509058   -3.9452477  -5.1855145
  1.0548277  -6.324875   -8.379233   -5.8738956  -7.288303    3.6088924
  1.0752037  -5.8738956  -5.1855145  -5.8738956  -7.288303    0.42124653
 -8.257067    1.0752037   1.0228276  -7.25747    -7.5684643  -7.523198
  2.2277527   1.5944748  -8.718019    0.92156935  0.6382642   0.71009064
  1.0752037  -8.490397  ]",0.0005000000237487257,7.623685,1.2819818,14.2315235,-3.5104742
56.0,-27.0,32.03,26.16,33,0,5000,32,5000,False,177,5,default,007501b49004447ebb0f0b5791bbb6ca,2024-01-22_13-23-13,1705947793,2.8634698390960693,13.65776801109314,22860,shossain-Legion-5,10.226.80.58,13.65776801109314,160,5,"[31.0, 25.0, 17.0, 52.0, 56.0, 41.0, 43.0, 40.0, 46.0, 22.0, 42.0, 32.0, 44.0, 18.0, 32.0, 35.0, 22.0, 33.0, 44.0, 12.0, 31.0, 22.0, 42.0, 35.0, 21.0, 10.0, 49.0, 45.0, 45.0, 48.0, 31.0, 16.0, 30.0, 41.0, 41.0, 35.0, 18.0, 52.0, 31.0, 12.0, 48.0, 43.0, 6.0, 35.0, 40.0, -27.0, 50.0, 38.0, 22.0, 32.0, 44.0, 53.0, 49.0, 21.0, 35.0, 7.0, 40.0, 39.0, 49.0, 47.0, 36.0, 28.0, 40.0, 26.0, 32.0, 50.0, 21.0, 41.0, 16.0, 31.0, 33.0, 40.0, 50.0, -1.0, 31.0, -16.0, 29.0, 16.0, 41.0, 32.0, 54.0, 43.0, 31.0, 33.0, 35.0, 20.0, 34.0, 29.0, 49.0, 29.0, 31.0, -16.0, 38.0, 17.0, 31.0, 33.0, 31.0, 48.0, 32.0, 12.0]","[35, 30, 38, 14, 21, 14, 23, 15, 20, 22, 24, 23, 11, 37, 34, 20, 22, 22, 11, 43, 13, 44, 13, 31, 23, 34, 17, 21, 21, 29, 24, 39, 14, 25, 25, 20, 26, 14, 24, 43, 7, 23, 60, 20, 15, 60, 16, 17, 33, 34, 11, 13, 17, 23, 20, 59, 15, 16, 17, 8, 8, 38, 26, 29, 12, 16, 45, 14, 39, 24, 22, 15, 38, 56, 13, 60, 26, 39, 14, 23, 12, 12, 46, 33, 20, 35, 32, 37, 39, 37, 13, 60, 17, 49, 35, 22, 24, 7, 23, 43]",0.08974534356055325,1.014186641131423,0.06758324816806893,0.4838060450476431,0.0,0.064,498579.97,2.619,12220.275,5000,5000,32032,32,32032,4528,8,9.850000000000001,52.1,"[ 0.95859146  1.1197047   1.8055592  -8.747231   -7.275978   -8.763483
 -9.160332    0.23694348 -8.6161175   0.7118082  -7.2370396   0.77204084
  0.69175804 -8.216024    1.3140097   0.548265   -8.466623    0.95859146
 -7.654983   -9.496803    0.59392905  1.3767834  -8.491902    1.1104288
 -6.8286405  -9.397121   -8.56926    -8.6161175  -8.026863    0.82161593
 -7.80087     0.71755123]",0.0005000000237487257,4.668146,0.83698034,9.249295,-3.988369
66.0,-49.0,32.17,26.46,40,0,6000,32,6000,False,217,6,default,007501b49004447ebb0f0b5791bbb6ca,2024-01-22_13-23-16,1705947796,2.8561816215515137,16.513949632644653,22860,shossain-Legion-5,10.226.80.58,16.513949632644653,192,6,"[48.0, 43.0, 6.0, 35.0, 40.0, -27.0, 50.0, 38.0, 22.0, 32.0, 44.0, 53.0, 49.0, 21.0, 35.0, 7.0, 40.0, 39.0, 49.0, 47.0, 36.0, 28.0, 40.0, 26.0, 32.0, 50.0, 21.0, 41.0, 16.0, 31.0, 33.0, 40.0, 50.0, -1.0, 31.0, -16.0, 29.0, 16.0, 41.0, 32.0, 54.0, 43.0, 31.0, 33.0, 35.0, 20.0, 34.0, 29.0, 49.0, 29.0, 31.0, -16.0, 38.0, 17.0, 31.0, 33.0, 31.0, 48.0, 32.0, 12.0, 26.0, 34.0, 55.0, 35.0, -49.0, 51.0, 31.0, 50.0, 27.0, 39.0, 39.0, 29.0, 23.0, 45.0, 13.0, 57.0, 66.0, 42.0, 48.0, 38.0, 38.0, 40.0, 43.0, 50.0, 35.0, 19.0, 39.0, 34.0, 49.0, 30.0, 32.0, 18.0, 21.0, 33.0, 37.0, 3.0, 4.0, 36.0, 52.0, 44.0]","[7, 23, 60, 20, 15, 60, 16, 17, 33, 34, 11, 13, 17, 23, 20, 59, 15, 16, 17, 8, 8, 38, 26, 29, 12, 16, 45, 14, 39, 24, 22, 15, 38, 56, 13, 60, 26, 39, 14, 23, 12, 12, 46, 33, 20, 35, 32, 37, 39, 37, 13, 60, 17, 49, 35, 22, 24, 7, 23, 43, 29, 32, 22, 31, 60, 15, 24, 16, 39, 27, 16, 26, 43, 10, 42, 9, 11, 13, 7, 17, 6, 15, 12, 16, 31, 36, 16, 43, 6, 25, 23, 37, 34, 44, 18, 52, 51, 19, 25, 11]",0.09005248851009803,0.9887887818455983,0.06155675449609195,0.48896407000099307,0.0,0.065,492180.887,2.626,12187.983,6000,6000,40032,32,40032,5536,10,9.5,52.050000000000004,"[ 6.2031317e-01  7.8926229e-01  1.0463686e+00 -1.1936388e+00
  5.1609278e-01  5.5355549e-02  6.6045666e-01 -9.0384102e+00
 -6.9093003e+00  1.2057657e+00 -8.2683430e+00  8.3495903e-01
  1.0557117e+00 -8.8327065e+00 -8.6837463e+00 -8.1038990e+00
 -8.5578728e+00 -8.1038990e+00 -1.1936388e+00 -7.8089008e+00
  8.3495903e-01 -5.6447279e-01 -9.3704138e+00 -7.9379835e+00
 -6.9093003e+00  1.0336277e+00 -7.4386597e-05 -7.4687567e+00
 -8.4113836e-01 -8.9535904e+00 -9.0384102e+00  1.2057657e+00]",0.0005000000237487257,5.224131,0.14723814,9.644867,-3.6849957
66.0,-49.0,31.96,26.12,38,0,7000,32,7000,False,255,7,default,007501b49004447ebb0f0b5791bbb6ca,2024-01-22_13-23-19,1705947799,2.867100238800049,19.381049871444702,22860,shossain-Legion-5,10.226.80.58,19.381049871444702,224,7,"[41.0, 32.0, 54.0, 43.0, 31.0, 33.0, 35.0, 20.0, 34.0, 29.0, 49.0, 29.0, 31.0, -16.0, 38.0, 17.0, 31.0, 33.0, 31.0, 48.0, 32.0, 12.0, 26.0, 34.0, 55.0, 35.0, -49.0, 51.0, 31.0, 50.0, 27.0, 39.0, 39.0, 29.0, 23.0, 45.0, 13.0, 57.0, 66.0, 42.0, 48.0, 38.0, 38.0, 40.0, 43.0, 50.0, 35.0, 19.0, 39.0, 34.0, 49.0, 30.0, 32.0, 18.0, 21.0, 33.0, 37.0, 3.0, 4.0, 36.0, 52.0, 44.0, 46.0, 47.0, 30.0, 43.0, 29.0, 39.0, 29.0, 45.0, 48.0, 48.0, 27.0, 40.0, 26.0, 53.0, 34.0, 27.0, 19.0, -27.0, 60.0, 42.0, 16.0, 50.0, 58.0, 13.0, 10.0, 34.0, -27.0, 33.0, 41.0, -49.0, 34.0, 54.0, 23.0, 4.0, 30.0, 43.0, 37.0, 44.0]","[14, 23, 12, 12, 46, 33, 20, 35, 32, 37, 39, 37, 13, 60, 17, 49, 35, 22, 24, 7, 23, 43, 29, 32, 22, 31, 60, 15, 24, 16, 39, 27, 16, 26, 43, 10, 42, 9, 11, 13, 7, 17, 6, 15, 12, 16, 31, 36, 16, 43, 6, 25, 23, 37, 34, 44, 18, 52, 51, 19, 25, 11, 20, 8, 25, 12, 26, 16, 26, 10, 18, 7, 28, 15, 40, 24, 21, 50, 36, 60, 6, 13, 39, 16, 8, 42, 45, 21, 60, 22, 14, 60, 10, 12, 32, 51, 25, 12, 18, 22]",0.09013402780917837,0.9730819708835077,0.05769368824581175,0.4927532594627959,0.0,0.064,500252.434,2.643,12107.831,7000,7000,48032,32,48032,6544,12,9.55,52.1,"[-7.6791487   0.88673306 -8.0317745   1.3808451  -8.579088   -8.228197
  0.98456    -9.503027    0.69106483  0.7817626  -8.62875    -8.862217
 -8.206392    0.21385217 -7.5203805   0.3439846  -0.29855013  0.7851987
 -8.747568    1.1001544  -8.579088    0.98456     0.5183301  -8.930508
  1.0408807  -7.870938    0.6923561  -8.462894    1.178122   -9.370388
  0.5907321   1.4252481 ]",0.0005000000237487257,5.576175,2.4796195,10.247269,-3.5593913
66.0,-49.0,29.13,26.75,34,0,8000,32,8000,False,289,8,default,007501b49004447ebb0f0b5791bbb6ca,2024-01-22_13-23-22,1705947802,2.94669508934021,22.327744960784912,22860,shossain-Legion-5,10.226.80.58,22.327744960784912,256,8,"[23.0, 45.0, 13.0, 57.0, 66.0, 42.0, 48.0, 38.0, 38.0, 40.0, 43.0, 50.0, 35.0, 19.0, 39.0, 34.0, 49.0, 30.0, 32.0, 18.0, 21.0, 33.0, 37.0, 3.0, 4.0, 36.0, 52.0, 44.0, 46.0, 47.0, 30.0, 43.0, 29.0, 39.0, 29.0, 45.0, 48.0, 48.0, 27.0, 40.0, 26.0, 53.0, 34.0, 27.0, 19.0, -27.0, 60.0, 42.0, 16.0, 50.0, 58.0, 13.0, 10.0, 34.0, -27.0, 33.0, 41.0, -49.0, 34.0, 54.0, 23.0, 4.0, 30.0, 43.0, 37.0, 44.0, -27.0, 30.0, 32.0, 36.0, 18.0, -49.0, 30.0, 30.0, 44.0, 36.0, 44.0, 40.0, 47.0, 42.0, -16.0, 60.0, 6.0, 43.0, 59.0, -38.0, 41.0, -27.0, -38.0, 59.0, -27.0, 6.0, -3.0, 54.0, 16.0, 58.0, 39.0, 60.0, 31.0, 35.0]","[43, 10, 42, 9, 11, 13, 7, 17, 6, 15, 12, 16, 31, 36, 16, 43, 6, 25, 23, 37, 34, 44, 18, 52, 51, 19, 25, 11, 20, 8, 25, 12, 26, 16, 26, 10, 18, 7, 28, 15, 40, 24, 21, 50, 36, 60, 6, 13, 39, 16, 8, 42, 45, 21, 60, 22, 14, 60, 10, 12, 32, 51, 25, 12, 18, 22, 60, 25, 23, 19, 37, 60, 36, 25, 11, 19, 11, 26, 8, 13, 60, 17, 60, 12, 7, 60, 14, 60, 60, 7, 60, 49, 58, 12, 39, 8, 5, 17, 24, 31]",0.09031554785548522,0.9639419650059202,0.05540753097313361,0.496507063300709,0.0,0.063,505718.644,2.727,11735.396,8000,8000,56032,32,56032,7552,14,9.675,52.125,"[ 1.9550538  1.6387444  1.6951265 -6.019889  -7.472719  -1.325696
 -8.605242  -6.7557526  1.8852143 -5.6986666 -7.8729463 -1.1809939
 -7.034781  -6.7557526  1.4868703  1.4243174 -5.339325  -5.895563
 -6.093032   1.0030518  1.1625957 -7.7222795 -7.034781  -7.7222795
  1.8852143 -9.22662   -5.339325   1.4976873  0.2364626 -7.2967644
 -6.4524684  2.5569754]",0.0005000000237487257,6.9861054,0.7226678,13.767263,-3.3880486
64.0,-49.0,23.09,29.71,30,0,9000,32,9000,False,319,9,default,007501b49004447ebb0f0b5791bbb6ca,2024-01-22_13-23-25,1705947805,2.92742919921875,25.255174160003662,22860,shossain-Legion-5,10.226.80.58,25.255174160003662,288,9,"[30.0, 43.0, 29.0, 39.0, 29.0, 45.0, 48.0, 48.0, 27.0, 40.0, 26.0, 53.0, 34.0, 27.0, 19.0, -27.0, 60.0, 42.0, 16.0, 50.0, 58.0, 13.0, 10.0, 34.0, -27.0, 33.0, 41.0, -49.0, 34.0, 54.0, 23.0, 4.0, 30.0, 43.0, 37.0, 44.0, -27.0, 30.0, 32.0, 36.0, 18.0, -49.0, 30.0, 30.0, 44.0, 36.0, 44.0, 40.0, 47.0, 42.0, -16.0, 60.0, 6.0, 43.0, 59.0, -38.0, 41.0, -27.0, -38.0, 59.0, -27.0, 6.0, -3.0, 54.0, 16.0, 58.0, 39.0, 60.0, 31.0, 35.0, -49.0, -49.0, 17.0, 49.0, 34.0, 9.0, 23.0, 45.0, 34.0, 22.0, 48.0, 35.0, 45.0, -38.0, 64.0, 13.0, -5.0, 28.0, -27.0, 10.0, -27.0, 21.0, 35.0, 26.0, 47.0, 43.0, 50.0, 40.0, -27.0, -38.0]","[25, 12, 26, 16, 26, 10, 18, 7, 28, 15, 40, 24, 21, 50, 36, 60, 6, 13, 39, 16, 8, 42, 45, 21, 60, 22, 14, 60, 10, 12, 32, 51, 25, 12, 18, 22, 60, 25, 23, 19, 37, 60, 36, 25, 11, 19, 11, 26, 8, 13, 60, 17, 60, 12, 7, 60, 14, 60, 60, 7, 60, 49, 58, 12, 39, 8, 5, 17, 24, 31, 60, 60, 38, 6, 21, 46, 32, 32, 32, 33, 7, 9, 10, 60, 13, 42, 60, 27, 60, 56, 60, 34, 20, 29, 8, 12, 5, 4, 60, 60]",0.09050211229445593,0.9573437470646894,0.053725923500072555,0.5003124908492349,0.0,0.065,491820.183,2.704,11832.961,9000,9000,64032,32,64032,8560,16,9.860000000000001,52.160000000000004,"[-8.973074   -8.458395   -7.959453   -0.55011654  0.08759212  3.9339762
 -8.725149    2.7472095  -9.722672    2.0935187  -8.213704   -6.648286
  1.8467693   1.3143716   0.07769489  2.3213153   1.7790356  -1.5788517
 -0.62149477 -6.8227873  -7.976843   -6.569355    1.7188463  -9.436794
 -8.526615    0.55174255 -6.214816    2.5068412   3.9339762  -7.959453
 -0.62149477  0.75590324]",0.0005000000237487257,7.1719975,3.0737448,11.669739,-2.809705
66.0,-49.0,17.93,32.78,26,0,10000,32,10000,False,345,10,default,007501b49004447ebb0f0b5791bbb6ca,2024-01-22_13-23-27,1705947807,2.9157586097717285,28.17093276977539,22860,shossain-Legion-5,10.226.80.58,28.17093276977539,320,10,"[41.0, -49.0, 34.0, 54.0, 23.0, 4.0, 30.0, 43.0, 37.0, 44.0, -27.0, 30.0, 32.0, 36.0, 18.0, -49.0, 30.0, 30.0, 44.0, 36.0, 44.0, 40.0, 47.0, 42.0, -16.0, 60.0, 6.0, 43.0, 59.0, -38.0, 41.0, -27.0, -38.0, 59.0, -27.0, 6.0, -3.0, 54.0, 16.0, 58.0, 39.0, 60.0, 31.0, 35.0, -49.0, -49.0, 17.0, 49.0, 34.0, 9.0, 23.0, 45.0, 34.0, 22.0, 48.0, 35.0, 45.0, -38.0, 64.0, 13.0, -5.0, 28.0, -27.0, 10.0, -27.0, 21.0, 35.0, 26.0, 47.0, 43.0, 50.0, 40.0, -27.0, -38.0, 19.0, 23.0, 42.0, 29.0, 37.0, 17.0, 24.0, 10.0, 12.0, 66.0, 44.0, -49.0, 5.0, -14.0, 47.0, 41.0, -38.0, 9.0, -38.0, 32.0, 51.0, -49.0, -27.0, -11.0, 50.0, -49.0]","[14, 60, 10, 12, 32, 51, 25, 12, 18, 22, 60, 25, 23, 19, 37, 60, 36, 25, 11, 19, 11, 26, 8, 13, 60, 17, 60, 12, 7, 60, 14, 60, 60, 7, 60, 49, 58, 12, 39, 8, 5, 17, 24, 31, 60, 60, 38, 6, 21, 46, 32, 32, 32, 33, 7, 9, 10, 60, 13, 42, 60, 27, 60, 56, 60, 34, 20, 29, 8, 12, 5, 4, 60, 60, 47, 32, 13, 26, 18, 49, 42, 45, 43, 11, 22, 60, 39, 58, 8, 25, 60, 57, 60, 23, 15, 60, 60, 55, 5, 60]",0.09064119041661517,0.9526178619156347,0.052602029858910854,0.5040688352052679,0.0,0.068,469456.901,2.782,11502.076,10000,10000,72032,32,72032,9568,18,9.925,52.175000000000004,"[-11.251008   -12.685047    -7.7353244   -7.6693525   -4.48244
  -5.877322     0.1743288  -11.251008     1.2348604   -7.6693525
   0.4580803    0.34306145   1.2348604   -5.877322     0.686985
   0.31380558  -8.469203    -4.0081587   -9.729853     0.04627705
  -3.0422406    2.32165     -7.113088     2.32165     -6.6120014
   2.32165      2.32165      1.2348604   -7.113088   -11.028148
   1.2411509   -9.729853  ]",0.0005000000237487257,8.305443,4.73061,12.244575,-3.9090292
66.0,-49.0,13.86,35.2,28,0,11000,32,11000,False,373,11,default,007501b49004447ebb0f0b5791bbb6ca,2024-01-22_13-23-31,1705947811,3.1031758785247803,31.27410864830017,22860,shossain-Legion-5,10.226.80.58,31.27410864830017,352,11,"[59.0, -38.0, 41.0, -27.0, -38.0, 59.0, -27.0, 6.0, -3.0, 54.0, 16.0, 58.0, 39.0, 60.0, 31.0, 35.0, -49.0, -49.0, 17.0, 49.0, 34.0, 9.0, 23.0, 45.0, 34.0, 22.0, 48.0, 35.0, 45.0, -38.0, 64.0, 13.0, -5.0, 28.0, -27.0, 10.0, -27.0, 21.0, 35.0, 26.0, 47.0, 43.0, 50.0, 40.0, -27.0, -38.0, 19.0, 23.0, 42.0, 29.0, 37.0, 17.0, 24.0, 10.0, 12.0, 66.0, 44.0, -49.0, 5.0, -14.0, 47.0, 41.0, -38.0, 9.0, -38.0, 32.0, 51.0, -49.0, -27.0, -11.0, 50.0, -49.0, -49.0, -49.0, -49.0, 23.0, -38.0, -16.0, -16.0, -38.0, 8.0, 17.0, 50.0, 50.0, -16.0, 55.0, 51.0, 50.0, 50.0, -38.0, 42.0, 50.0, 10.0, -1.0, -38.0, 43.0, 60.0, 27.0, 62.0, 0.0]","[7, 60, 14, 60, 60, 7, 60, 49, 58, 12, 39, 8, 5, 17, 24, 31, 60, 60, 38, 6, 21, 46, 32, 32, 32, 33, 7, 9, 10, 60, 13, 42, 60, 27, 60, 56, 60, 34, 20, 29, 8, 12, 5, 4, 60, 60, 47, 32, 13, 26, 18, 49, 42, 45, 43, 11, 22, 60, 39, 58, 8, 25, 60, 57, 60, 23, 15, 60, 60, 55, 5, 60, 60, 60, 60, 32, 60, 60, 60, 60, 47, 38, 5, 5, 60, 22, 15, 5, 5, 60, 24, 5, 45, 56, 60, 12, 6, 39, 15, 44]",0.09071919010862217,0.9510334176289698,0.05144919441103186,0.5087183501950017,0.0,0.067,475780.674,2.646,12091.796,11000,11000,80032,32,80032,10576,20,10.5,52.22500000000001,"[  1.7764225   -1.8712859   -7.936878    -0.13038635  -9.7552185
  -9.149776    -0.10193443 -10.741746    -0.51292133 -14.305848
 -12.72711     -8.427654     1.0337391    1.9895973    1.9895973
  -9.461685   -14.147945     0.16264153   1.5241404    0.09606743
  -6.0856256  -12.614092     0.29255962  -0.04312038   1.0337391
 -10.583843    -7.3373528  -13.675665   -14.147945    -6.5473795
  -6.5473795    1.9570851 ]",0.0005000000237487257,8.302641,5.9084373,12.209285,-5.1561627
70.0,-49.0,15.43,34.07,33,0,12000,32,12000,False,406,12,default,007501b49004447ebb0f0b5791bbb6ca,2024-01-22_13-23-34,1705947814,3.197925090789795,34.472033739089966,22860,shossain-Legion-5,10.226.80.58,34.472033739089966,384,12,"[28.0, -27.0, 10.0, -27.0, 21.0, 35.0, 26.0, 47.0, 43.0, 50.0, 40.0, -27.0, -38.0, 19.0, 23.0, 42.0, 29.0, 37.0, 17.0, 24.0, 10.0, 12.0, 66.0, 44.0, -49.0, 5.0, -14.0, 47.0, 41.0, -38.0, 9.0, -38.0, 32.0, 51.0, -49.0, -27.0, -11.0, 50.0, -49.0, -49.0, -49.0, -49.0, 23.0, -38.0, -16.0, -16.0, -38.0, 8.0, 17.0, 50.0, 50.0, -16.0, 55.0, 51.0, 50.0, 50.0, -38.0, 42.0, 50.0, 10.0, -1.0, -38.0, 43.0, 60.0, 27.0, 62.0, 0.0, 32.0, 50.0, -38.0, -16.0, -2.0, 55.0, 40.0, 60.0, 60.0, 60.0, 70.0, 50.0, 50.0, 40.0, 50.0, -16.0, -49.0, -16.0, -49.0, 33.0, -38.0, 30.0, 60.0, -5.0, 58.0, -5.0, 42.0, 50.0, -38.0, 60.0, 49.0, 68.0, -16.0]","[27, 60, 56, 60, 34, 20, 29, 8, 12, 5, 4, 60, 60, 47, 32, 13, 26, 18, 49, 42, 45, 43, 11, 22, 60, 39, 58, 8, 25, 60, 57, 60, 23, 15, 60, 60, 55, 5, 60, 60, 60, 60, 32, 60, 60, 60, 60, 47, 38, 5, 5, 60, 22, 15, 5, 5, 60, 24, 5, 45, 56, 60, 12, 6, 39, 15, 44, 45, 5, 60, 60, 57, 11, 4, 6, 6, 6, 7, 5, 5, 4, 5, 60, 60, 60, 60, 22, 60, 14, 6, 60, 8, 60, 35, 5, 60, 6, 28, 9, 60]",0.09071646286665774,0.953030964226164,0.05026103748503353,0.5171442453554203,0.0,0.064,498209.829,2.688,11906.44,12000,12000,88032,32,88032,11584,22,9.679999999999998,52.20000000000001,"[  0.59708977 -10.09977     -2.7603226    0.57032204 -10.694661
  -8.808841     1.1323757  -12.314623    -8.796312     0.59708977
  -6.4069138   -8.239065     0.57032204  -4.8319216    0.45847034
   1.4487753    1.3187299    1.4644852   -1.5429349    0.57032204
   0.20315456   1.4487753    0.59708977  -7.360338     0.3332777
  -0.40877533 -13.708716     0.45847034  -5.785346     0.59708977
   0.24914742   0.05808926]",0.0005000000237487257,9.498909,6.963672,12.575182,-2.7839208
70.0,-60.0,30.09,24.8,50,0,13000,32,13000,False,456,13,default,007501b49004447ebb0f0b5791bbb6ca,2024-01-22_13-23-37,1705947817,3.197746753692627,37.66978049278259,22860,shossain-Legion-5,10.226.80.58,37.66978049278259,416,13,"[50.0, -16.0, 55.0, 51.0, 50.0, 50.0, -38.0, 42.0, 50.0, 10.0, -1.0, -38.0, 43.0, 60.0, 27.0, 62.0, 0.0, 32.0, 50.0, -38.0, -16.0, -2.0, 55.0, 40.0, 60.0, 60.0, 60.0, 70.0, 50.0, 50.0, 40.0, 50.0, -16.0, -49.0, -16.0, -49.0, 33.0, -38.0, 30.0, 60.0, -5.0, 58.0, -5.0, 42.0, 50.0, -38.0, 60.0, 49.0, 68.0, -16.0, 20.0, 37.0, -16.0, -49.0, 17.0, 57.0, 43.0, 50.0, 45.0, 50.0, -38.0, 50.0, -27.0, 19.0, -5.0, 22.0, 50.0, 39.0, 24.0, -5.0, 23.0, 36.0, 46.0, 59.0, 59.0, 50.0, 50.0, 50.0, 66.0, 50.0, 70.0, 57.0, 50.0, 50.0, 28.0, 50.0, 60.0, 70.0, -60.0, 46.0, 50.0, 50.0, 50.0, 60.0, 29.0, 50.0, 60.0, 49.0, 32.0, 50.0]","[5, 60, 22, 15, 5, 5, 60, 24, 5, 45, 56, 60, 12, 6, 39, 15, 44, 45, 5, 60, 60, 57, 11, 4, 6, 6, 6, 7, 5, 5, 4, 5, 60, 60, 60, 60, 22, 60, 14, 6, 60, 8, 60, 35, 5, 60, 6, 28, 9, 60, 46, 18, 60, 60, 60, 9, 12, 5, 10, 5, 60, 5, 60, 36, 60, 33, 5, 27, 31, 60, 32, 19, 9, 7, 7, 5, 5, 5, 22, 5, 7, 9, 5, 5, 16, 5, 6, 7, 60, 20, 5, 5, 5, 6, 37, 5, 6, 6, 45, 5]",0.09087947439244448,0.9620094974197477,0.04896854125946074,0.5310568202134656,0.0,0.068,472265.053,2.661,12025.924,13000,13000,96032,32,96032,12592,24,9.95,52.27499999999999,"[ -6.779978    -0.36570168  -0.48969746  -9.668389     0.73481846
  -9.411374    -6.779978    -1.468113     1.5412302  -14.531569
   0.73481846   0.31643867   0.09168434  -7.7708855    0.8586407
   0.8688278  -14.094461     0.61857986   0.8586407   -7.7708855
   0.8586407    1.5412302   -6.779978    -0.420393   -13.136041
   8.577734    -8.593911    -8.852531     0.7257652   -9.365792
  -0.17215633 -12.737243  ]",0.0005000000237487257,9.924362,7.539266,13.2065115,-3.7769382
70.0,-60.0,40.61,16.7,61,0,14000,32,14000,False,517,14,default,007501b49004447ebb0f0b5791bbb6ca,2024-01-22_13-23-40,1705947820,3.3108162879943848,40.98059678077698,22860,shossain-Legion-5,10.226.80.58,40.98059678077698,448,14,"[50.0, -27.0, 19.0, -5.0, 22.0, 50.0, 39.0, 24.0, -5.0, 23.0, 36.0, 46.0, 59.0, 59.0, 50.0, 50.0, 50.0, 66.0, 50.0, 70.0, 57.0, 50.0, 50.0, 28.0, 50.0, 60.0, 70.0, -60.0, 46.0, 50.0, 50.0, 50.0, 60.0, 29.0, 50.0, 60.0, 49.0, 32.0, 50.0, 41.0, 59.0, 70.0, 41.0, 60.0, 28.0, 49.0, 50.0, 50.0, 20.0, 52.0, 2.0, 52.0, 47.0, -38.0, -27.0, 50.0, 50.0, 60.0, 50.0, 60.0, 50.0, 49.0, 67.0, 43.0, 33.0, 60.0, 50.0, 50.0, 70.0, 49.0, 50.0, 49.0, 60.0, 19.0, 4.0, 43.0, 60.0, 50.0, 60.0, 50.0, 46.0, 25.0, -38.0, 13.0, 60.0, 49.0, -49.0, 39.0, 40.0, 24.0, 50.0, 50.0, 46.0, 40.0, 70.0, 59.0, 50.0, 40.0, 50.0, 48.0]","[5, 60, 36, 60, 33, 5, 27, 31, 60, 32, 19, 9, 7, 7, 5, 5, 5, 22, 5, 7, 9, 5, 5, 16, 5, 6, 7, 60, 20, 5, 5, 5, 6, 37, 5, 6, 6, 45, 5, 14, 7, 7, 14, 6, 27, 6, 5, 5, 57, 25, 53, 14, 19, 60, 60, 5, 5, 6, 5, 6, 5, 6, 10, 12, 22, 6, 5, 5, 7, 6, 5, 6, 6, 25, 51, 12, 6, 5, 6, 5, 9, 41, 60, 53, 6, 6, 60, 27, 4, 31, 5, 5, 9, 4, 7, 7, 5, 4, 5, 7]",0.0914753782238741,0.969202380277245,0.04813879717958232,0.5419485705465505,0.0,0.064,498950.662,2.625,12189.644,14000,14000,104032,32,104032,13600,26,9.86,52.31999999999999,"[  1.5671129  -12.1449995    1.1839151    0.30511189 -13.113696
  13.275112   -11.250547    -7.240217     0.23416996   1.61794
 -12.495244     1.0860376    0.43445873  -9.133583     1.4750366
   1.1839151    1.0213652  -12.495244   -13.405827   -13.405827
 -11.250547     0.6509962    1.1727772  -13.081108    -5.245899
 -12.115334    -9.133583     1.1069574    1.0384178    0.43878937
 -11.250547   -11.509925  ]",0.0005000000237487257,10.404945,8.225119,14.350071,-4.7025003
80.0,-60.0,44.27,12.71,83,0,15000,32,15000,False,600,15,default,007501b49004447ebb0f0b5791bbb6ca,2024-01-22_13-23-43,1705947823,3.163609266281128,44.144206047058105,22860,shossain-Legion-5,10.226.80.58,44.144206047058105,480,15,"[13.0, 60.0, 49.0, -49.0, 39.0, 40.0, 24.0, 50.0, 50.0, 46.0, 40.0, 70.0, 59.0, 50.0, 40.0, 50.0, 48.0, 21.0, 42.0, 50.0, 50.0, 60.0, 59.0, 50.0, 50.0, 70.0, 49.0, 70.0, 50.0, -27.0, 50.0, 40.0, 50.0, -49.0, 32.0, 60.0, 80.0, 60.0, 70.0, 60.0, 60.0, 50.0, 49.0, 50.0, 50.0, 50.0, 50.0, 50.0, 60.0, 50.0, 28.0, 50.0, 70.0, 50.0, 50.0, 49.0, 50.0, 21.0, 12.0, 60.0, 59.0, 70.0, 50.0, 50.0, 16.0, 50.0, 50.0, 60.0, -27.0, 60.0, 51.0, 40.0, 60.0, 50.0, 60.0, 60.0, 50.0, 80.0, 50.0, 44.0, 70.0, 60.0, 50.0, -60.0, 50.0, 36.0, 60.0, 40.0, 45.0, 60.0, 50.0, -27.0, 29.0, 16.0, 41.0, 39.0, 50.0, 50.0, 50.0, 50.0]","[53, 6, 6, 60, 27, 4, 31, 5, 5, 9, 4, 7, 7, 5, 4, 5, 7, 34, 13, 5, 5, 6, 7, 5, 5, 7, 6, 7, 5, 60, 5, 4, 5, 60, 23, 6, 8, 6, 7, 6, 6, 5, 6, 5, 5, 5, 5, 5, 6, 5, 27, 5, 7, 5, 5, 6, 5, 23, 43, 6, 7, 7, 5, 5, 39, 5, 5, 6, 60, 6, 15, 4, 6, 5, 6, 6, 5, 8, 5, 11, 7, 6, 5, 60, 5, 41, 6, 15, 10, 6, 5, 60, 26, 39, 14, 5, 5, 5, 5, 5]",0.09233374832071188,0.9743453077108694,0.047497144308787306,0.5485700332432972,0.0,0.063,506100.03,2.444,13090.709,15000,15000,112032,32,112032,14608,28,10.12,52.4,"[  9.648205    -2.2421331   -2.0420494    0.63334465  -0.16097832
 -14.359298    -0.57517815 -12.90357    -15.728089   -15.728089
  -7.9862537    1.177803   -12.046605     0.5028734    1.0740299
  -9.918712    -6.564947     1.5378399  -12.901033     2.24998
  -0.21631908 -10.415948    -0.09163666   0.5498228    2.24998
  -4.2169724  -13.81079      0.04567623   1.0080557   -6.4013805
 -12.651593     0.5498228 ]",0.0005000000237487257,11.4514265,8.102839,17.482044,-4.3666916
80.0,-60.0,41.43,14.56,67,0,16000,32,16000,False,667,16,default,007501b49004447ebb0f0b5791bbb6ca,2024-01-22_13-23-47,1705947827,3.2002651691436768,47.34447121620178,22860,shossain-Legion-5,10.226.80.58,47.34447121620178,512,16,"[60.0, -27.0, 60.0, 51.0, 40.0, 60.0, 50.0, 60.0, 60.0, 50.0, 80.0, 50.0, 44.0, 70.0, 60.0, 50.0, -60.0, 50.0, 36.0, 60.0, 40.0, 45.0, 60.0, 50.0, -27.0, 29.0, 16.0, 41.0, 39.0, 50.0, 50.0, 50.0, 50.0, 50.0, 70.0, 57.0, 40.0, 50.0, 50.0, 60.0, 60.0, 60.0, 60.0, 59.0, 59.0, 50.0, 60.0, -49.0, 50.0, 50.0, 54.0, 29.0, -60.0, 39.0, 59.0, 50.0, 60.0, 50.0, 80.0, 50.0, 50.0, 50.0, 50.0, -38.0, 11.0, -49.0, 50.0, 51.0, 60.0, 50.0, 50.0, 60.0, 50.0, 50.0, 40.0, 49.0, 39.0, 60.0, 60.0, 40.0, -38.0, -5.0, 50.0, 18.0, -27.0, 59.0, 29.0, 29.0, 50.0, 50.0, 50.0, 50.0, 60.0, 28.0, 60.0, 50.0, 49.0, 49.0, 49.0, 56.0]","[6, 60, 6, 15, 4, 6, 5, 6, 6, 5, 8, 5, 11, 7, 6, 5, 60, 5, 41, 6, 15, 10, 6, 5, 60, 26, 39, 14, 5, 5, 5, 5, 5, 5, 7, 9, 4, 5, 5, 6, 6, 6, 6, 7, 7, 5, 6, 60, 5, 5, 12, 26, 60, 5, 7, 5, 6, 5, 8, 5, 5, 5, 5, 60, 44, 60, 5, 15, 6, 5, 5, 6, 5, 5, 26, 6, 5, 6, 6, 4, 60, 60, 5, 37, 60, 7, 48, 26, 5, 5, 5, 5, 6, 27, 6, 5, 6, 6, 6, 21]",0.09272819734412409,0.9777728217608869,0.04710505179446448,0.5536545482609039,0.0,0.064,502123.936,2.548,12557.796,16000,16000,120032,32,120032,15616,30,10.05,52.375,"[  0.675684    -2.1875458  -12.114775   -10.9131565   -4.8558683
  -0.14433289  -0.6204033   -0.71076584   1.8059864   -2.8159275
   0.50583935   1.9458942   -5.0614204    0.50583935  -0.70603275
   1.88128    -12.868748    -3.7690363   -9.7241       1.4524193
  -0.2636156  -13.277021     0.11236095  -3.671629     0.50583935
  -2.5285978    0.50583935  -0.13619232   0.50811195 -10.9131565
  -2.8159275   -9.04095   ]",0.0005000000237487257,13.431238,6.204138,19.123281,-3.0854406
80.0,-49.0,38.42,17.02,58,0,17000,32,17000,False,725,17,default,007501b49004447ebb0f0b5791bbb6ca,2024-01-22_13-23-50,1705947830,3.2493202686309814,50.593791484832764,22860,shossain-Legion-5,10.226.80.58,50.593791484832764,544,17,"[80.0, 50.0, 50.0, 50.0, 50.0, -38.0, 11.0, -49.0, 50.0, 51.0, 60.0, 50.0, 50.0, 60.0, 50.0, 50.0, 40.0, 49.0, 39.0, 60.0, 60.0, 40.0, -38.0, -5.0, 50.0, 18.0, -27.0, 59.0, 29.0, 29.0, 50.0, 50.0, 50.0, 50.0, 60.0, 28.0, 60.0, 50.0, 49.0, 49.0, 49.0, 56.0, 13.0, 50.0, 39.0, 49.0, 50.0, 60.0, 60.0, 50.0, 50.0, 50.0, 50.0, 50.0, 50.0, 65.0, 50.0, 60.0, 50.0, 43.0, 50.0, 25.0, 60.0, 60.0, -49.0, 63.0, 70.0, 42.0, 50.0, 50.0, 60.0, 60.0, 21.0, -49.0, 27.0, 60.0, 60.0, 70.0, 70.0, 60.0, 43.0, 50.0, 50.0, -27.0, 50.0, 44.0, -27.0, 60.0, -27.0, 40.0, -16.0, 60.0, 49.0, -38.0, -38.0, 50.0, 69.0, 60.0, 50.0, -38.0]","[8, 5, 5, 5, 5, 60, 44, 60, 5, 15, 6, 5, 5, 6, 5, 5, 26, 6, 5, 6, 6, 4, 60, 60, 5, 37, 60, 7, 48, 26, 5, 5, 5, 5, 6, 27, 6, 5, 6, 6, 6, 21, 31, 5, 5, 6, 5, 6, 6, 5, 5, 5, 5, 5, 5, 12, 5, 6, 5, 23, 5, 19, 6, 6, 60, 14, 7, 24, 5, 5, 6, 6, 34, 60, 39, 6, 6, 7, 7, 6, 12, 5, 5, 60, 5, 11, 60, 6, 60, 26, 60, 6, 6, 60, 60, 5, 8, 6, 5, 60]",0.09306907930068903,0.9814836937338939,0.04675960796507145,0.5595622433176267,0.0,0.064,498950.662,2.758,11600.996,17000,17000,128032,32,128032,16624,32,10.64,52.5,"[-13.642093   -10.949873    -5.62051    -13.546194     0.47556686
  -1.753519    -5.882818     0.69043064   1.0790272  -13.091529
   2.6423845    0.12093735   3.0213175   -0.12940407  -4.2554474
 -13.642093    -7.3005238    0.80784035  -1.3129873    1.125268
  -0.4800949    0.69043064  -8.379891    -3.218318     0.5985241
   1.3532429   -3.0780258   -8.571537     0.80784035  12.593551
   0.15062809 -13.730746  ]",0.0005000000237487257,14.525375,8.726128,19.955673,-3.2008939
80.0,-49.0,48.53398058252427,9.883495145631068,103,0,18000,32,18000,False,828,18,default,007501b49004447ebb0f0b5791bbb6ca,2024-01-22_13-23-53,1705947833,3.272535562515259,53.86632704734802,22860,shossain-Legion-5,10.226.80.58,53.86632704734802,576,18,"[-16.0, 70.0, 60.0, 50.0, 40.0, 60.0, 40.0, 50.0, 22.0, 49.0, 60.0, 45.0, 60.0, 54.0, 52.0, -38.0, 50.0, 60.0, -49.0, 30.0, 50.0, 59.0, 49.0, 50.0, 50.0, 40.0, 50.0, 60.0, 69.0, 50.0, 50.0, 60.0, 40.0, 70.0, 34.0, 50.0, 60.0, 60.0, 40.0, 50.0, 3.0, 50.0, 69.0, 49.0, 50.0, 40.0, 50.0, 60.0, 50.0, 50.0, 60.0, 40.0, 50.0, 50.0, 70.0, 40.0, 22.0, 60.0, 50.0, 70.0, 50.0, 50.0, 50.0, 50.0, 70.0, 47.0, 50.0, 50.0, 50.0, 50.0, 57.0, 40.0, 40.0, 50.0, 70.0, 60.0, 50.0, 38.0, 50.0, 50.0, 50.0, 60.0, 60.0, 50.0, 60.0, 29.0, 50.0, 59.0, 50.0, 70.0, 50.0, 50.0, 60.0, 50.0, 50.0, 40.0, 30.0, 49.0, 37.0, 57.0, 56.0, 80.0, 57.0]","[60, 7, 6, 5, 4, 6, 4, 5, 44, 6, 6, 21, 6, 12, 14, 60, 5, 6, 60, 25, 5, 7, 6, 5, 5, 4, 5, 6, 8, 5, 5, 6, 4, 7, 21, 5, 6, 6, 4, 5, 52, 5, 8, 6, 5, 4, 5, 6, 5, 5, 6, 4, 16, 5, 7, 4, 33, 6, 5, 7, 5, 5, 5, 5, 7, 19, 5, 5, 5, 5, 9, 4, 4, 5, 7, 6, 5, 17, 5, 5, 5, 6, 6, 5, 6, 37, 5, 7, 5, 7, 5, 5, 6, 5, 5, 4, 25, 6, 18, 9, 10, 8, 9]",0.09392501314403844,0.9875164966531331,0.046225178474174934,0.5681415404434251,0.0,0.063,505337.831,2.744,11660.663,18000,18000,136032,32,136032,17632,34,10.049999999999999,52.45,"[  2.3256626   -5.1720123    1.6171074  -10.767271     7.844717
  -9.076675     1.3262253    0.98435783   0.98435783 -11.978748
  -8.951225   -10.767271     0.8656368  -11.554579   -10.650259
   2.8860054   -6.21451      0.8656368    1.3353939    1.3262253
   0.98435783   2.068491     2.3256626  -12.351124   -12.351124
   1.3262253   -9.529562    -9.640251   -12.351124   -12.936962
   0.8656368   -5.6071987 ]",0.0005000000237487257,18.844446,16.460163,22.899275,-4.0615063
80.0,-60.0,42.08,13.14,62,0,19000,32,19000,False,890,19,default,007501b49004447ebb0f0b5791bbb6ca,2024-01-22_13-23-56,1705947836,3.250131368637085,57.11645841598511,22860,shossain-Legion-5,10.226.80.58,57.11645841598511,608,19,"[47.0, 50.0, 50.0, 50.0, 50.0, 57.0, 40.0, 40.0, 50.0, 70.0, 60.0, 50.0, 38.0, 50.0, 50.0, 50.0, 60.0, 60.0, 50.0, 60.0, 29.0, 50.0, 59.0, 50.0, 70.0, 50.0, 50.0, 60.0, 50.0, 50.0, 40.0, 30.0, 49.0, 37.0, 57.0, 56.0, 80.0, 57.0, 50.0, -16.0, 60.0, -27.0, 42.0, 49.0, 39.0, 50.0, 60.0, 50.0, 60.0, 40.0, 50.0, 50.0, 70.0, 40.0, 50.0, 22.0, 60.0, 60.0, 60.0, -60.0, 50.0, 34.0, 60.0, 60.0, 50.0, 50.0, 60.0, 50.0, 60.0, 50.0, 50.0, 50.0, 40.0, 70.0, 50.0, 60.0, 40.0, 50.0, 40.0, 16.0, 40.0, 40.0, 49.0, 50.0, 60.0, -38.0, -38.0, 50.0, 60.0, 60.0, 50.0, 40.0, 40.0, -49.0, -49.0, 28.0, 40.0, -5.0, 24.0, -49.0]","[19, 5, 5, 5, 5, 9, 4, 4, 5, 7, 6, 5, 17, 5, 5, 5, 6, 6, 5, 6, 37, 5, 7, 5, 7, 5, 5, 6, 5, 5, 4, 25, 6, 18, 9, 10, 8, 9, 5, 60, 6, 60, 35, 6, 16, 5, 6, 5, 6, 4, 5, 5, 7, 4, 5, 33, 6, 6, 6, 60, 5, 21, 6, 6, 5, 5, 6, 5, 6, 5, 5, 5, 4, 7, 5, 6, 4, 5, 4, 39, 4, 4, 6, 5, 6, 60, 60, 5, 6, 6, 5, 4, 4, 60, 60, 49, 4, 60, 31, 60]",0.09414047552902279,0.9891733620689104,0.04605937687148332,0.5722773414210772,0.0,0.065,494356.273,2.776,11527.762,19000,19000,144032,32,144032,18640,36,9.74,52.52,"[ 20.088533    -0.5787277   -1.6689701    0.4340725    1.1255474
 -11.456501    -0.23801899   1.1255474    0.61364937  -0.23801899
   1.4402065    0.40047455  -0.5787277   21.043657   -11.456501
  -9.334728     0.80139637   0.20405006  -9.476223     0.61364937
   3.3071766  -13.195976     0.4340725   -1.2968082    1.1255474
 -11.603775    -0.58986664  -4.614151   -12.673346    -2.9453259
   2.834136     1.045887  ]",0.0005000000237487257,19.569574,11.3091345,27.907867,-1.1033769
70.0,-49.0,37.75,16.48,61,0,20000,32,20000,False,951,20,default,007501b49004447ebb0f0b5791bbb6ca,2024-01-22_13-24-00,1705947840,3.2758498191833496,60.39230823516846,22860,shossain-Legion-5,10.226.80.58,60.39230823516846,640,20,"[34.0, 60.0, 60.0, 50.0, 50.0, 60.0, 50.0, 60.0, 50.0, 50.0, 50.0, 40.0, 70.0, 50.0, 60.0, 40.0, 50.0, 40.0, 16.0, 40.0, 40.0, 49.0, 50.0, 60.0, -38.0, -38.0, 50.0, 60.0, 60.0, 50.0, 40.0, 40.0, -49.0, -49.0, 28.0, 40.0, -5.0, 24.0, -49.0, -2.0, 59.0, 60.0, 50.0, 69.0, 50.0, 40.0, 60.0, -27.0, 30.0, 50.0, -16.0, -5.0, 49.0, -16.0, -5.0, 50.0, 48.0, 40.0, 49.0, -16.0, 13.0, 49.0, 50.0, 60.0, 40.0, 50.0, 50.0, -16.0, -14.0, 50.0, 50.0, 47.0, 60.0, 70.0, 70.0, -16.0, 40.0, 50.0, 50.0, 70.0, 60.0, 70.0, 50.0, 60.0, 40.0, 50.0, 50.0, 50.0, 50.0, 50.0, 50.0, 49.0, 50.0, 50.0, 50.0, 40.0, 13.0, 50.0, 50.0, 60.0]","[21, 6, 6, 5, 5, 6, 5, 6, 5, 5, 5, 4, 7, 5, 6, 4, 5, 4, 39, 4, 4, 6, 5, 6, 60, 60, 5, 6, 6, 5, 4, 4, 60, 60, 49, 4, 60, 31, 60, 57, 7, 6, 5, 8, 5, 4, 6, 60, 36, 5, 60, 60, 6, 60, 60, 5, 7, 4, 6, 60, 42, 6, 5, 6, 15, 5, 5, 60, 58, 5, 5, 19, 6, 7, 7, 60, 4, 5, 5, 7, 6, 7, 5, 6, 4, 5, 5, 5, 5, 5, 5, 6, 5, 5, 5, 4, 42, 5, 5, 6]",0.09444918703879472,0.9920182572813694,0.04577914322806633,0.5786094225406997,0.0,0.063,504957.592,2.624,12196.29,20000,20000,152032,32,152032,19648,38,9.819999999999999,52.52,"[ -4.7487316   -7.4435883    3.1839962   -0.29986     -0.07853889
  -7.104128     0.9047642   -5.696951   -11.674343    -6.0081787
   0.41102982 -10.662529     0.35655308  -0.3581581   -7.085327
  -5.696951    -2.2888832    0.9047642    1.6134338   -0.02243805
  -0.3581581   -5.8137665   -5.696951   -10.628044     1.6134338
   0.5316391   -4.074066    -3.8754044    1.6134338    0.5316391
   1.6134338  -12.461218  ]",0.0005000000237487257,23.411736,11.699339,31.788342,-3.0874403
70.0,-38.0,45.4,12.35,73,0,21000,32,21000,False,1024,21,default,007501b49004447ebb0f0b5791bbb6ca,2024-01-22_13-24-03,1705947843,3.3086941242218018,63.70100235939026,22860,shossain-Legion-5,10.226.80.58,63.70100235939026,672,21,"[70.0, 70.0, -16.0, 40.0, 50.0, 50.0, 70.0, 60.0, 70.0, 50.0, 60.0, 40.0, 50.0, 50.0, 50.0, 50.0, 50.0, 50.0, 49.0, 50.0, 50.0, 50.0, 40.0, 13.0, 50.0, 50.0, 60.0, 50.0, 50.0, 50.0, 50.0, 50.0, 70.0, 60.0, 60.0, 60.0, 60.0, -27.0, 50.0, -16.0, -1.0, 50.0, 60.0, 50.0, 44.0, 50.0, 70.0, 50.0, 50.0, 50.0, 60.0, 40.0, 70.0, 50.0, 50.0, 32.0, 50.0, 60.0, 40.0, 60.0, 50.0, 60.0, 50.0, 50.0, 50.0, 38.0, 50.0, 60.0, 50.0, 7.0, 39.0, 60.0, 50.0, 37.0, 3.0, 52.0, 50.0, 22.0, 60.0, 50.0, 60.0, 60.0, 60.0, 50.0, 60.0, 70.0, 50.0, 60.0, 60.0, 50.0, 51.0, 50.0, -27.0, -16.0, 50.0, -8.0, 23.0, 50.0, 59.0, -38.0]","[7, 7, 60, 4, 5, 5, 7, 6, 7, 5, 6, 4, 5, 5, 5, 5, 5, 5, 6, 5, 5, 5, 4, 42, 5, 5, 6, 5, 5, 5, 5, 5, 7, 6, 6, 6, 6, 60, 5, 60, 45, 5, 6, 5, 22, 5, 7, 5, 5, 5, 6, 4, 7, 5, 5, 23, 5, 6, 4, 6, 5, 6, 5, 5, 5, 17, 5, 6, 5, 48, 27, 6, 5, 18, 52, 14, 5, 22, 6, 5, 6, 6, 6, 5, 6, 7, 5, 6, 6, 5, 15, 5, 60, 60, 5, 52, 43, 5, 7, 60]",0.09480582068835847,0.9954842201831591,0.04544654204954199,0.5854249619769205,0.0,0.065,494356.273,2.673,11971.54,21000,21000,160032,32,160032,20656,40,9.9,52.6,"[ -7.299322    -6.4600735   -5.150341    -2.8494625    0.26998043
  12.02905     -0.5946989  -10.59099     -5.150341    -0.37467003
   1.6013737   29.755209     1.0476665    1.6013737    0.5548496
   0.2337532    4.714487    -0.732852    -1.6375542    1.953186
  -0.28252983  -9.685734     0.21138954  -5.0633316   -0.42831802
   0.6641884   -3.683178     1.2585716   -0.8956413    1.1552601
  -5.150341    -0.45032883]",0.0005000000237487257,23.347698,7.6578093,35.40784,-0.29466784
60.0,-38.0,44.4,12.8,87,0,22000,32,22000,False,1111,22,default,007501b49004447ebb0f0b5791bbb6ca,2024-01-22_13-24-06,1705947846,3.3323757648468018,67.03337812423706,22860,shossain-Legion-5,10.226.80.58,67.03337812423706,704,22,"[60.0, 60.0, 50.0, 51.0, 50.0, -27.0, -16.0, 50.0, -8.0, 23.0, 50.0, 59.0, -38.0, 47.0, 50.0, 40.0, 49.0, 50.0, 50.0, 50.0, 60.0, 50.0, 60.0, 50.0, 60.0, 60.0, 60.0, 10.0, 40.0, 60.0, 50.0, 49.0, 54.0, 50.0, 46.0, 50.0, 60.0, 50.0, -27.0, 60.0, -27.0, 50.0, 49.0, -27.0, 50.0, -27.0, 17.0, 36.0, 50.0, 40.0, 50.0, 60.0, 50.0, 60.0, 60.0, 50.0, 49.0, 50.0, 60.0, 50.0, 50.0, 60.0, 60.0, 49.0, 50.0, 29.0, 50.0, 50.0, 50.0, 38.0, 60.0, 60.0, 50.0, 49.0, 22.0, 33.0, 50.0, 60.0, 60.0, 50.0, 50.0, 50.0, 50.0, 50.0, 60.0, 50.0, 60.0, 60.0, 60.0, 54.0, 50.0, 50.0, 60.0, 50.0, 36.0, 50.0, 59.0, 50.0, 59.0, 50.0]","[6, 6, 5, 15, 5, 60, 60, 5, 52, 43, 5, 7, 60, 8, 5, 15, 6, 5, 5, 5, 6, 5, 6, 5, 6, 6, 6, 56, 4, 6, 5, 6, 23, 5, 9, 5, 6, 5, 60, 6, 60, 5, 6, 60, 5, 60, 49, 19, 5, 4, 5, 6, 5, 6, 6, 5, 6, 5, 6, 5, 5, 6, 6, 6, 5, 37, 5, 5, 5, 17, 6, 6, 5, 6, 33, 22, 5, 6, 6, 5, 5, 5, 5, 5, 6, 5, 6, 6, 6, 12, 5, 5, 6, 5, 30, 5, 7, 5, 7, 5]",0.09531591618968244,0.9987634670527682,0.04516953055182081,0.5927202234287228,0.0,0.065,492722.937,2.653,12060.829,22000,22000,168032,32,168032,21664,42,9.899999999999999,52.525,"[-4.581558   -4.422716    0.68047523  0.02927685 -1.9032459   0.11240005
 -6.1042366  -7.4993687   0.7606621   1.7240505  -0.38184166  1.8682194
 -8.73068    -3.413166   -9.935881   -0.8540573   0.7606621   0.7606621
 -1.0350876  18.309103    0.7553673   0.7553673  -1.6139393   0.7606621
 -1.9601345  -0.45897865  1.7240505   1.8682194   1.4963121   0.7606621
 -0.44552708 -0.28754807]",0.0005000000237487257,26.09503,9.554473,33.81884,-0.6406816
80.0,-38.0,49.127450980392155,10.294117647058824,102,0,23000,32,23000,False,1213,23,default,007501b49004447ebb0f0b5791bbb6ca,2024-01-22_13-24-10,1705947850,3.3315367698669434,70.364914894104,22860,shossain-Legion-5,10.226.80.58,70.364914894104,736,23,"[-38.0, 76.0, 60.0, 34.0, 50.0, 60.0, 40.0, 49.0, 50.0, 50.0, 50.0, 24.0, 60.0, 69.0, 50.0, 40.0, 60.0, 50.0, 50.0, 53.0, 60.0, 35.0, 50.0, 70.0, 70.0, 40.0, 50.0, 70.0, 45.0, 11.0, 50.0, 50.0, 50.0, 50.0, 51.0, 60.0, 40.0, 60.0, 50.0, 60.0, 40.0, 50.0, 50.0, 60.0, 70.0, 40.0, 60.0, 60.0, 50.0, 50.0, 60.0, 60.0, 50.0, 60.0, 60.0, 60.0, 40.0, 60.0, 66.0, -27.0, 50.0, 60.0, 49.0, 38.0, 50.0, 50.0, 60.0, 60.0, 60.0, -38.0, 20.0, 7.0, 32.0, 60.0, 50.0, 50.0, 40.0, 50.0, 40.0, 50.0, 60.0, 70.0, 60.0, 70.0, 39.0, 50.0, 50.0, 50.0, 50.0, 40.0, 40.0, 50.0, 60.0, 50.0, 80.0, 76.0, 60.0, 40.0, 40.0, 50.0, 50.0, 60.0]","[60, 12, 6, 21, 5, 6, 4, 6, 5, 5, 5, 42, 6, 8, 5, 4, 6, 5, 5, 13, 6, 20, 5, 7, 7, 4, 5, 7, 21, 55, 5, 5, 5, 5, 26, 6, 4, 6, 5, 6, 4, 5, 5, 6, 7, 4, 6, 6, 5, 5, 6, 6, 5, 6, 6, 6, 4, 6, 11, 60, 5, 6, 6, 39, 5, 5, 6, 6, 6, 60, 46, 48, 45, 6, 5, 5, 4, 5, 4, 5, 6, 7, 6, 7, 5, 5, 5, 5, 5, 4, 4, 5, 6, 5, 8, 12, 6, 4, 4, 5, 5, 6]",0.09593555841346002,1.0010618670319154,0.044931407016462116,0.599966376331867,0.0,0.066,488064.465,2.524,12679.514,23000,23000,176032,32,176032,22672,44,10.4,52.56,"[-0.00959396 -7.5863457   1.2677231  -6.648754    1.5457153  -0.00959396
  1.5457153   0.85053253  0.07320404 -4.797844    0.7522564   0.61865425
 -9.0389805   1.0384026   1.5457153   1.8090973   1.2677231  -0.5809727
  2.0147038  -0.44237137 -0.00959396 -0.9469795   0.66646194 -6.8083916
 -3.369091    0.21951675  0.21951675  1.5457153   1.5457153   0.2209549
 -1.8220863   1.5457153 ]",0.0005000000237487257,27.914165,10.341335,44.01998,-0.6805487
80.0,-38.0,50.87068965517241,8.586206896551724,116,0,24000,32,24000,False,1329,24,default,007501b49004447ebb0f0b5791bbb6ca,2024-01-22_13-24-13,1705947853,3.363351583480835,73.72826647758484,22860,shossain-Legion-5,10.226.80.58,73.72826647758484,768,24,"[60.0, 50.0, 70.0, 70.0, 40.0, 50.0, 60.0, 60.0, 59.0, 50.0, 60.0, 50.0, 50.0, 60.0, 40.0, 60.0, 49.0, 50.0, 50.0, 22.0, 50.0, 50.0, 60.0, 39.0, 59.0, 60.0, 70.0, 60.0, 60.0, 50.0, 60.0, 50.0, 60.0, 40.0, 60.0, 60.0, 50.0, 70.0, 70.0, 50.0, 60.0, 51.0, 50.0, 50.0, 50.0, 50.0, 40.0, 37.0, 70.0, 50.0, 50.0, 50.0, 50.0, 59.0, 50.0, 70.0, 70.0, 50.0, 59.0, 60.0, 50.0, 59.0, 50.0, 50.0, 50.0, 70.0, 50.0, 70.0, 48.0, -38.0, 13.0, 50.0, 40.0, 50.0, 80.0, 50.0, 40.0, 60.0, 60.0, 50.0, -38.0, 60.0, 50.0, 50.0, 50.0, 60.0, 50.0, 60.0, 60.0, 28.0, 49.0, 49.0, 60.0, 50.0, 40.0, 60.0, 60.0, 50.0, 70.0, -38.0, 40.0, 48.0, 50.0, 20.0, 60.0, 60.0, 70.0, 49.0, 60.0, 60.0, 50.0, 36.0, 42.0, 60.0, 50.0, 50.0]","[6, 5, 7, 7, 4, 5, 6, 6, 7, 5, 6, 5, 5, 6, 15, 6, 6, 5, 5, 44, 5, 5, 6, 5, 7, 6, 7, 6, 6, 5, 6, 5, 6, 4, 6, 6, 5, 7, 7, 5, 6, 15, 5, 5, 5, 5, 4, 18, 7, 5, 5, 5, 5, 7, 5, 7, 7, 5, 7, 6, 5, 7, 5, 5, 5, 7, 5, 7, 7, 60, 31, 5, 4, 5, 8, 5, 4, 6, 6, 5, 60, 6, 5, 5, 5, 6, 5, 6, 6, 27, 6, 6, 6, 5, 4, 6, 6, 5, 7, 60, 4, 7, 5, 46, 6, 6, 7, 6, 6, 6, 5, 8, 24, 6, 5, 5]",0.09654757430278176,1.0033381650320796,0.04472579962412249,0.606079676922031,0.0,0.065,489667.012,2.595,12330.408,24000,24000,184032,32,184032,23680,46,9.94,52.58,"[ 0.13870049  0.63811874  2.7989502   1.2956648  -2.656124   -1.5397224
 -0.2952423   1.2956648   0.89354706 -5.1301346   0.32223892  0.89354706
  1.2956648  -3.398613    3.1403503  -7.1086693  -5.0330906  -3.398613
  0.65658855  0.89354706  0.63811874 -1.1187935   0.46876526  0.65658855
  0.89354706  2.941059    0.10437584  1.0563583   0.89354706 -1.5397224
  0.6317806   0.89354706]",0.0005000000237487257,28.685486,10.322239,47.524826,-0.24307671
70.0,-38.0,51.48360655737705,8.204918032786885,122,0,25000,32,25000,False,1451,25,default,007501b49004447ebb0f0b5791bbb6ca,2024-01-22_13-24-17,1705947857,3.394819974899292,77.12308645248413,22860,shossain-Legion-5,10.226.80.58,77.12308645248413,800,25,"[50.0, 50.0, 50.0, 52.0, 49.0, 50.0, 50.0, 59.0, 70.0, 50.0, 60.0, 60.0, 60.0, 70.0, 41.0, 18.0, 60.0, 60.0, 40.0, 50.0, 50.0, 60.0, 50.0, 50.0, 49.0, 64.0, 50.0, 59.0, 60.0, 60.0, 60.0, 60.0, 60.0, 70.0, 60.0, 43.0, 50.0, 40.0, 50.0, 70.0, 50.0, 50.0, 50.0, 50.0, 49.0, 50.0, 60.0, 48.0, 44.0, 50.0, 50.0, 50.0, 49.0, 59.0, 50.0, 59.0, 60.0, 50.0, 60.0, 50.0, 60.0, 60.0, 50.0, 70.0, 50.0, 50.0, 50.0, 49.0, 40.0, 60.0, 50.0, 59.0, 49.0, 60.0, 60.0, 50.0, 49.0, 60.0, 50.0, 60.0, 50.0, 70.0, 60.0, 50.0, 50.0, 60.0, 50.0, 60.0, 60.0, 50.0, 60.0, 60.0, 50.0, 50.0, 50.0, 60.0, 60.0, 27.0, 60.0, 40.0, 50.0, 50.0, 60.0, 27.0, 40.0, 40.0, 50.0, 50.0, 40.0, 60.0, 50.0, 50.0, 12.0, 50.0, 60.0, 27.0, 60.0, 60.0, 8.0, -38.0, 60.0, 50.0]","[5, 5, 5, 14, 6, 5, 5, 7, 7, 5, 6, 6, 6, 7, 25, 59, 6, 6, 15, 5, 5, 6, 5, 5, 6, 13, 5, 7, 6, 6, 6, 6, 6, 7, 6, 12, 5, 4, 5, 7, 5, 5, 5, 5, 6, 5, 6, 7, 11, 5, 5, 5, 6, 7, 5, 7, 6, 5, 6, 5, 6, 6, 5, 7, 5, 5, 5, 6, 4, 6, 5, 7, 6, 6, 6, 5, 6, 6, 5, 6, 5, 7, 6, 5, 5, 6, 5, 6, 6, 5, 6, 6, 5, 5, 5, 6, 6, 39, 6, 4, 5, 5, 6, 17, 4, 4, 5, 5, 4, 6, 5, 5, 43, 5, 6, 28, 6, 6, 58, 60, 6, 5]",0.09724078314394279,1.0054542428898545,0.044550877953285176,0.6125519349190632,0.0,0.064,499507.734,2.856,11205.447,25000,25000,192032,32,192032,24688,48,10.02,52.6,"[ 0.9217682  -0.29218292  0.04159355 -9.816924   -6.692238   -7.4297295
  0.06201077 -1.7446747   2.0763931   0.03720665  0.04159355 -4.3760223
  0.21185303 -1.6273651  -2.0765724   1.3236351   0.75349617  0.14170456
  4.900778   -0.90398884  3.868328    0.15535355  4.750122    0.15535355
 -0.23347282 -1.2322273   2.0763931   0.9217682  -5.8729095  -2.0765724
  0.33910465 -3.3001976 ]",0.0005000000237487257,30.47842,8.713923,51.26348,-0.7780194
80.0,6.0,51.422413793103445,8.508620689655173,116,0,26000,32,26000,False,1567,26,default,007501b49004447ebb0f0b5791bbb6ca,2024-01-22_13-24-20,1705947860,3.397766351699829,80.52085280418396,22860,shossain-Legion-5,10.226.80.58,80.52085280418396,832,26,"[50.0, 50.0, 50.0, 50.0, 50.0, 80.0, 60.0, 40.0, 60.0, 60.0, 50.0, 70.0, 39.0, 50.0, 68.0, 60.0, 60.0, 50.0, 60.0, 50.0, 60.0, 60.0, 48.0, 60.0, 70.0, 50.0, 50.0, 60.0, 50.0, 60.0, 50.0, 50.0, 50.0, 50.0, 50.0, 60.0, 45.0, 41.0, 40.0, 40.0, 45.0, 49.0, 50.0, 25.0, 50.0, 59.0, 23.0, 60.0, 50.0, 50.0, 50.0, 50.0, 60.0, 60.0, 50.0, 60.0, 50.0, 60.0, 70.0, 50.0, 60.0, 50.0, 44.0, 60.0, 50.0, 40.0, 41.0, 40.0, 60.0, 60.0, 50.0, 40.0, 49.0, 23.0, 70.0, 53.0, 50.0, 40.0, 60.0, 60.0, 40.0, 60.0, 70.0, 50.0, 48.0, 44.0, 60.0, 50.0, 80.0, 40.0, 60.0, 50.0, 60.0, 40.0, 49.0, 40.0, 39.0, 50.0, 60.0, 70.0, 10.0, 59.0, 50.0, 50.0, 60.0, 50.0, 56.0, 60.0, 35.0, 50.0, 38.0, 40.0, 60.0, 59.0, 6.0, 50.0]","[5, 5, 5, 5, 5, 8, 6, 4, 6, 6, 5, 7, 5, 5, 9, 6, 6, 5, 6, 5, 6, 6, 7, 6, 7, 5, 5, 6, 5, 6, 5, 5, 5, 5, 5, 6, 21, 14, 4, 4, 43, 6, 5, 30, 5, 7, 43, 6, 5, 5, 5, 5, 6, 6, 5, 6, 5, 6, 7, 5, 6, 5, 22, 6, 5, 4, 14, 4, 6, 6, 5, 4, 6, 32, 7, 24, 5, 4, 6, 6, 4, 6, 7, 5, 7, 22, 6, 5, 8, 4, 6, 5, 6, 4, 17, 4, 5, 5, 6, 7, 45, 7, 5, 5, 6, 5, 21, 6, 20, 5, 17, 4, 6, 7, 49, 5]",0.09777935544947768,1.0077821204792625,0.04439026405020799,0.6189942703784042,0.0,0.07,458550.489,2.691,11893.463,26000,26000,200032,32,200032,25696,50,10.64,52.279999999999994,"[-0.4399643   3.1511765   5.168545   -6.3218155   0.6473055  -0.19885159
 -0.17214203  1.4463959  -0.26874065  1.4674721  -0.17214203 -6.5792847
 -1.3961792   5.168545    3.1511765  -3.4899254  -0.29289246 -1.2489166
 28.921984   -3.7156448   0.51942825  0.14007759  0.59664917  3.9891586
 -0.4399643   0.0967865  -0.31981087  1.4515781  -9.632148    3.378502
 -9.682804    0.6473055 ]",0.0005000000237487257,28.842876,9.847395,51.140236,0.48658934
80.0,-38.0,47.09,11.32,91,0,27000,32,27000,False,1658,27,default,007501b49004447ebb0f0b5791bbb6ca,2024-01-22_13-24-23,1705947863,3.400561571121216,83.92141437530518,22860,shossain-Legion-5,10.226.80.58,83.92141437530518,864,27,"[60.0, 35.0, 50.0, 38.0, 40.0, 60.0, 59.0, 6.0, 50.0, 32.0, 50.0, 70.0, 36.0, 50.0, 50.0, 60.0, 60.0, 50.0, 40.0, 50.0, 60.0, 9.0, -16.0, 52.0, 50.0, 60.0, 40.0, 50.0, 60.0, 50.0, 60.0, 60.0, 80.0, 27.0, 50.0, 40.0, -38.0, -38.0, 50.0, 60.0, -38.0, 50.0, 50.0, 59.0, 40.0, 60.0, 50.0, 50.0, 70.0, 60.0, 60.0, 50.0, 50.0, 50.0, -4.0, 60.0, 42.0, 50.0, 59.0, 50.0, 60.0, 56.0, 28.0, 50.0, 50.0, 60.0, 50.0, 22.0, 60.0, 50.0, 60.0, 50.0, 60.0, 60.0, 50.0, 31.0, 70.0, 50.0, 60.0, 50.0, 60.0, 59.0, 60.0, 50.0, 40.0, 60.0, 40.0, 70.0, 80.0, 42.0, 40.0, 60.0, 40.0, 67.0, 25.0, 69.0, 40.0, 50.0, 50.0, 50.0]","[6, 20, 5, 17, 4, 6, 7, 49, 5, 34, 5, 7, 19, 5, 5, 6, 6, 5, 4, 5, 6, 46, 60, 14, 5, 6, 4, 5, 6, 5, 6, 6, 8, 39, 5, 4, 60, 60, 5, 6, 60, 5, 5, 7, 4, 6, 5, 5, 7, 6, 6, 5, 5, 5, 48, 6, 13, 5, 7, 5, 6, 10, 38, 5, 5, 6, 5, 33, 6, 5, 6, 5, 6, 6, 5, 24, 7, 5, 6, 5, 6, 7, 6, 5, 4, 6, 4, 7, 8, 13, 4, 6, 4, 10, 30, 8, 4, 5, 5, 5]",0.09810045098938001,1.0094931347372085,0.04424459817931294,0.6246746418002046,0.0,0.065,489131.662,2.657,12041.892,27000,27000,208032,32,208032,26704,52,9.825,52.35,"[ 1.6557484  -6.5902824   0.90652084  0.7212496   5.3008842  38.575108
 -7.194813   -7.3958626   1.4885864   0.912632   41.55378    -0.5528946
 -4.3838863   1.2605495  -6.7536354   0.90652084 -1.3679047   0.28933144
 -1.238945    4.442114    0.71839523 -9.40289     1.4885864   5.3008842
  2.6358223  -1.4411354   0.912632    4.442114   -6.3580513  -6.988407
  0.90652084 -3.765274  ]",0.0005000000237487257,32.96765,9.864362,53.278416,1.5932499
70.0,-16.0,52.24460431654676,7.18705035971223,139,0,28000,32,28000,False,1797,28,default,007501b49004447ebb0f0b5791bbb6ca,2024-01-22_13-24-27,1705947867,3.441077709197998,87.36249208450317,22860,shossain-Legion-5,10.226.80.58,87.36249208450317,896,28,"[49.0, 49.0, 28.0, 50.0, 50.0, 40.0, 60.0, 40.0, 70.0, 50.0, 50.0, 50.0, 40.0, 60.0, 50.0, 50.0, 60.0, 40.0, 50.0, 60.0, 70.0, 40.0, 59.0, 50.0, 60.0, 60.0, 60.0, 70.0, 70.0, 70.0, 60.0, 50.0, 53.0, 60.0, 50.0, 50.0, 50.0, 60.0, 50.0, 50.0, 50.0, 50.0, 42.0, 50.0, 60.0, 29.0, 60.0, 50.0, 40.0, 49.0, 69.0, 60.0, 60.0, 49.0, 6.0, 21.0, 60.0, 50.0, 60.0, 60.0, 50.0, 50.0, 59.0, 50.0, 60.0, 50.0, 50.0, 40.0, 50.0, 40.0, 60.0, 50.0, 60.0, 60.0, 50.0, 50.0, 50.0, 40.0, 60.0, 70.0, 60.0, 50.0, 50.0, 40.0, 60.0, 50.0, 60.0, 70.0, 50.0, 50.0, 60.0, 50.0, 60.0, 70.0, 50.0, 60.0, 50.0, 49.0, 50.0, 49.0, 60.0, 50.0, 40.0, 50.0, 60.0, 60.0, 60.0, 49.0, 50.0, 50.0, 60.0, 50.0, 60.0, 50.0, 50.0, 50.0, 60.0, 50.0, 40.0, 50.0, 60.0, 60.0, -16.0, 60.0, 60.0, 40.0, 50.0, 70.0, 50.0, 60.0, 40.0, 60.0, 50.0, 50.0, 49.0, 50.0, 50.0, 60.0, 60.0]","[6, 6, 27, 5, 5, 4, 6, 4, 7, 5, 5, 5, 4, 6, 5, 5, 6, 4, 5, 6, 7, 4, 7, 5, 6, 6, 6, 7, 7, 7, 6, 5, 13, 6, 5, 5, 5, 6, 5, 5, 5, 5, 24, 5, 6, 26, 6, 5, 4, 6, 8, 6, 6, 6, 49, 56, 6, 5, 6, 6, 5, 5, 7, 5, 6, 5, 5, 4, 5, 4, 6, 5, 6, 6, 5, 5, 5, 4, 6, 7, 6, 5, 5, 4, 6, 5, 6, 7, 5, 5, 6, 5, 6, 7, 5, 6, 5, 6, 5, 6, 6, 5, 4, 5, 6, 6, 6, 6, 5, 5, 6, 5, 6, 5, 5, 5, 6, 5, 15, 5, 6, 6, 60, 6, 6, 15, 5, 7, 5, 6, 4, 6, 5, 5, 6, 5, 5, 6, 6]",0.0987975734722818,1.0117351708678337,0.044078529913473725,0.631383246921828,0.0,0.064,500625.617,2.773,11541.739,28000,28000,216032,32,216032,27712,54,10.64,52.4,"[ 2.7010345e-01 -9.7147579e+00  3.5789375e+00  2.9305267e-01
 -3.6321640e-01 -4.6422768e-01  4.5305252e-01 -1.9675446e+00
  1.9544296e+00  6.9181824e-01  1.7028790e+00 -1.9675446e+00
 -3.8248634e+00  2.4932098e+01  1.6189003e-01  4.1170502e+00
  4.6638969e+01  1.4123306e+00  2.9305267e-01  3.2885170e-01
  4.1170502e+00  3.5789375e+00  8.7509613e+00  8.6565781e-01
  1.7947510e+01  8.6565781e-01  2.3399353e-02  2.5866890e-01
 -6.1086655e-02  4.3760185e+00  3.7359913e+01  5.9645538e+00]",0.0005000000237487257,33.971603,9.460541,52.657085,4.7679253
80.0,-38.0,52.09848484848485,7.568181818181818,132,0,29000,32,29000,False,1929,29,default,007501b49004447ebb0f0b5791bbb6ca,2024-01-22_13-24-30,1705947870,3.454251289367676,90.81674337387085,22860,shossain-Legion-5,10.226.80.58,90.81674337387085,928,29,"[50.0, 60.0, 70.0, 70.0, 50.0, 60.0, 60.0, 50.0, 40.0, 40.0, 69.0, 50.0, 60.0, 50.0, 50.0, 40.0, 49.0, 50.0, 50.0, 70.0, 40.0, 40.0, 40.0, 60.0, 60.0, 50.0, 50.0, 50.0, 24.0, 50.0, 70.0, 60.0, 43.0, 50.0, 50.0, 50.0, 35.0, 19.0, 50.0, 57.0, 60.0, 60.0, 50.0, 50.0, 60.0, 50.0, 50.0, 50.0, 79.0, 50.0, 80.0, 60.0, 50.0, 60.0, 50.0, 50.0, 50.0, 50.0, 60.0, 60.0, 60.0, 50.0, 60.0, 50.0, 60.0, 50.0, 60.0, 60.0, 50.0, 70.0, 60.0, 40.0, 40.0, 50.0, 60.0, 50.0, 50.0, 60.0, 50.0, 50.0, 49.0, 60.0, 35.0, 60.0, 70.0, 50.0, 60.0, 16.0, 70.0, 48.0, 60.0, 50.0, 50.0, 60.0, 53.0, 60.0, 60.0, 50.0, 50.0, 50.0, 50.0, 50.0, 70.0, 50.0, 60.0, 50.0, 40.0, 60.0, 50.0, 60.0, 50.0, 60.0, 60.0, 70.0, 36.0, 70.0, -27.0, 60.0, 40.0, 50.0, 40.0, 80.0, 60.0, 50.0, 60.0, 60.0, 60.0, 50.0, 50.0, -38.0, 40.0, 50.0]","[5, 6, 7, 7, 5, 6, 6, 5, 4, 4, 8, 5, 6, 5, 5, 4, 6, 5, 5, 7, 4, 4, 4, 6, 6, 5, 5, 5, 42, 5, 7, 6, 12, 5, 5, 5, 20, 47, 5, 9, 6, 6, 5, 5, 6, 5, 5, 5, 9, 5, 8, 6, 5, 6, 5, 5, 5, 5, 6, 6, 6, 5, 6, 5, 6, 5, 6, 6, 5, 7, 6, 4, 4, 5, 6, 5, 5, 6, 5, 5, 6, 6, 20, 6, 7, 5, 6, 28, 7, 7, 6, 5, 5, 6, 13, 6, 6, 5, 5, 5, 5, 5, 7, 5, 6, 5, 4, 6, 5, 6, 5, 6, 6, 7, 19, 7, 60, 6, 4, 5, 4, 8, 6, 5, 6, 6, 6, 5, 5, 60, 4, 5]",0.09942477310342192,1.0134595529173436,0.04398925958561539,0.6379463365088578,0.0,0.063,504577.925,2.527,12661.572,29000,29000,224032,32,224032,28720,56,9.84,52.4,"[-0.0452528   1.3985863  -3.8290596   0.1125164   0.7895298  -7.381687
 -3.7470284   0.7299328   0.4705696  -5.3349876   1.1652107  -3.7223473
  0.452713   -0.72878075  0.27327538 -9.07847    -9.106478    0.31941986
  0.25524902  0.21609211  0.19033813 -7.4096603  -0.49503326  0.6573982
 -0.72436905  0.7895298  -1.8995934  -9.106478   -5.3349876  -2.1263523
 -7.403595    1.1262627 ]",0.0005000000237487257,27.696487,8.763149,52.10988,-2.1414857
80.0,5.0,52.9609375,7.796875,128,0,30000,32,30000,False,2057,30,default,007501b49004447ebb0f0b5791bbb6ca,2024-01-22_13-24-34,1705947874,3.6773831844329834,94.49412655830383,22860,shossain-Legion-5,10.226.80.58,94.49412655830383,960,30,"[60.0, 47.0, 50.0, 50.0, 60.0, 50.0, 50.0, 50.0, 60.0, 50.0, 50.0, 60.0, 70.0, 60.0, 13.0, 50.0, 60.0, 50.0, 50.0, 49.0, 60.0, 59.0, 60.0, 60.0, 50.0, 80.0, 50.0, 60.0, 50.0, 50.0, 5.0, 60.0, 50.0, 50.0, 32.0, 60.0, 70.0, 39.0, 50.0, 60.0, 60.0, 50.0, 70.0, 50.0, 60.0, 50.0, 50.0, 70.0, 40.0, 50.0, 50.0, 50.0, 50.0, 41.0, 50.0, 50.0, 49.0, 60.0, 50.0, 60.0, 60.0, 50.0, 50.0, 50.0, 50.0, 60.0, 50.0, 60.0, 60.0, 60.0, 60.0, 50.0, 60.0, 50.0, 41.0, 50.0, 60.0, 60.0, 50.0, 60.0, 50.0, 60.0, 66.0, 70.0, 60.0, 60.0, 49.0, 37.0, 50.0, 70.0, 40.0, 33.0, 70.0, 50.0, 50.0, 70.0, 60.0, 70.0, 70.0, 60.0, 60.0, 60.0, 40.0, 40.0, 50.0, 50.0, 40.0, 60.0, 40.0, 50.0, 50.0, 17.0, 50.0, 60.0, 60.0, 60.0, 34.0, 50.0, 50.0, 50.0, 40.0, 70.0, 50.0, 38.0, 60.0, 50.0, 60.0, 50.0]","[6, 8, 5, 5, 6, 5, 5, 5, 6, 5, 5, 6, 7, 6, 42, 5, 6, 5, 5, 6, 6, 7, 6, 6, 5, 8, 5, 6, 5, 5, 50, 6, 5, 5, 23, 6, 7, 5, 5, 6, 6, 5, 7, 5, 6, 5, 5, 7, 4, 5, 5, 16, 5, 14, 5, 5, 6, 6, 5, 6, 6, 5, 5, 5, 5, 6, 5, 6, 6, 6, 6, 5, 6, 5, 14, 5, 6, 6, 5, 6, 5, 6, 22, 7, 6, 6, 6, 40, 5, 7, 4, 22, 7, 5, 5, 7, 6, 7, 7, 6, 6, 6, 4, 4, 5, 5, 4, 6, 4, 5, 5, 49, 5, 6, 6, 6, 32, 5, 5, 5, 4, 7, 5, 28, 6, 5, 6, 5]",0.09997144293289996,1.015502855557688,0.04396067154868032,0.6450379333084121,0.0,0.066,487887.052,2.801,11423.855,30000,30000,232032,32,232032,29728,58,10.066666666666665,52.4,"[-4.7869301e-01  4.1841183e+00  2.7866364e-02 -3.0374565e+00
 -6.9476318e-01  1.7060089e+00  1.7060089e+00  1.1355467e+00
  4.2441265e+01 -9.8907471e-02  6.2767792e-01  4.8521194e+00
 -7.4956894e+00  1.4872627e+00 -2.2114716e+00 -5.2829781e+00
 -9.0466814e+00 -4.3886604e+00 -1.5214920e-01  5.7210236e+00
  1.1222801e+00  1.6832237e+00 -2.1000671e-01  2.4132004e+00
  2.7866364e-02 -6.9476318e-01 -3.0374565e+00 -9.0466814e+00
 -1.5332031e-01  1.7060089e+00 -9.0466814e+00  2.0142231e+00]",0.0005000000237487257,32.78033,9.696909,54.283936,0.55560446
90.0,14.0,54.736486486486484,6.804054054054054,148,0,31000,32,31000,False,2205,31,default,007501b49004447ebb0f0b5791bbb6ca,2024-01-22_13-24-37,1705947877,3.459033727645874,97.9531602859497,22860,shossain-Legion-5,10.226.80.58,97.9531602859497,992,31,"[51.0, 50.0, 50.0, 50.0, 60.0, 49.0, 60.0, 50.0, 50.0, 50.0, 50.0, 60.0, 60.0, 60.0, 59.0, 60.0, 50.0, 60.0, 50.0, 50.0, 50.0, 60.0, 60.0, 70.0, 60.0, 60.0, 60.0, 60.0, 50.0, 70.0, 70.0, 60.0, 50.0, 50.0, 70.0, 60.0, 50.0, 59.0, 50.0, 70.0, 50.0, 50.0, 50.0, 60.0, 60.0, 50.0, 50.0, 50.0, 39.0, 46.0, 40.0, 50.0, 50.0, 49.0, 34.0, 70.0, 50.0, 50.0, 59.0, 60.0, 50.0, 59.0, 60.0, 50.0, 60.0, 70.0, 49.0, 40.0, 70.0, 40.0, 50.0, 40.0, 50.0, 70.0, 69.0, 60.0, 60.0, 50.0, 59.0, 40.0, 40.0, 90.0, 50.0, 60.0, 70.0, 60.0, 50.0, 50.0, 15.0, 59.0, 59.0, 60.0, 50.0, 50.0, 40.0, 60.0, 50.0, 60.0, 60.0, 50.0, 60.0, 50.0, 60.0, 50.0, 60.0, 40.0, 70.0, 60.0, 49.0, 60.0, 60.0, 59.0, 50.0, 59.0, 50.0, 50.0, 50.0, 60.0, 60.0, 40.0, 50.0, 50.0, 60.0, 60.0, 40.0, 70.0, 60.0, 60.0, 70.0, 60.0, 50.0, 14.0, 50.0, 60.0, 60.0, 60.0, 49.0, 60.0, 60.0, 50.0, 50.0, 60.0, 60.0, 59.0, 60.0, 38.0, 50.0, 70.0]","[15, 5, 5, 5, 6, 6, 6, 5, 5, 5, 5, 6, 6, 6, 7, 6, 5, 6, 5, 5, 5, 6, 6, 7, 6, 6, 6, 6, 5, 7, 7, 6, 5, 5, 7, 6, 5, 7, 5, 7, 5, 5, 5, 6, 6, 5, 5, 5, 5, 31, 4, 5, 5, 6, 43, 7, 5, 5, 7, 6, 5, 7, 6, 5, 6, 7, 6, 4, 7, 4, 5, 4, 5, 7, 8, 6, 6, 5, 7, 4, 4, 9, 5, 6, 7, 6, 5, 5, 40, 7, 7, 6, 5, 5, 4, 6, 5, 6, 6, 5, 6, 5, 6, 5, 6, 4, 7, 6, 17, 6, 6, 7, 5, 7, 5, 5, 5, 6, 6, 4, 5, 5, 6, 6, 4, 7, 6, 6, 7, 6, 5, 41, 5, 6, 6, 6, 6, 6, 6, 5, 5, 6, 6, 7, 6, 17, 5, 7]",0.10062761412278741,1.0167914534194988,0.0438292577710368,0.6509339254535609,0.0,0.067,480378.411,2.702,11841.626,31000,31000,240032,32,240032,30736,60,10.275,52.45,"[-5.7395172e-01  2.6176453e-02  1.4108829e+00 -7.3687477e+00
 -1.2061272e+00 -1.2345543e+00 -9.5997620e-01  5.2043304e+00
  2.5143814e-01 -1.8981781e+00  8.7738400e+00  2.6589584e-01
  3.6725197e+00 -2.1413002e+00 -8.8451385e-02  2.5143814e-01
  9.6292496e-01 -1.6574554e+00 -2.2932663e+00  5.4452324e-01
 -6.4507637e+00  3.1897894e+01  3.1603367e+01  1.9725800e-01
  1.6944885e-02  3.4935493e+00  3.6725197e+00 -6.9780693e+00
  5.2043304e+00  2.6589584e-01  5.2043304e+00 -3.0639191e+00]",0.0005000000237487257,35.971176,9.602277,53.756714,2.0939155
80.0,-38.0,52.93478260869565,7.246376811594203,138,0,32000,32,32000,False,2343,32,default,007501b49004447ebb0f0b5791bbb6ca,2024-01-22_13-24-41,1705947881,3.5251717567443848,101.47833204269409,22860,shossain-Legion-5,10.226.80.58,101.47833204269409,1024,32,"[50.0, 49.0, 60.0, 60.0, 50.0, 40.0, 49.0, 50.0, 60.0, 60.0, 60.0, 60.0, 60.0, 60.0, 39.0, 60.0, 50.0, 50.0, 40.0, 40.0, 60.0, 50.0, 60.0, 50.0, 50.0, 50.0, 50.0, 60.0, 50.0, 50.0, 50.0, 40.0, 50.0, 60.0, 60.0, 40.0, 50.0, 50.0, 50.0, 60.0, 40.0, 50.0, 70.0, 60.0, 60.0, 70.0, 70.0, 50.0, 50.0, 60.0, 50.0, 50.0, 50.0, 60.0, 60.0, 70.0, 50.0, 50.0, 60.0, 50.0, 60.0, 60.0, -38.0, 49.0, 70.0, 50.0, 50.0, 22.0, 60.0, 55.0, 50.0, 70.0, 50.0, 50.0, 60.0, 50.0, 50.0, 60.0, 60.0, 60.0, 50.0, 70.0, 60.0, 50.0, 50.0, 50.0, 70.0, 50.0, 50.0, 60.0, 59.0, 60.0, 48.0, 23.0, 50.0, 60.0, 50.0, 50.0, 48.0, 50.0, 60.0, 60.0, 60.0, 50.0, 80.0, 50.0, 50.0, 50.0, 60.0, 1.0, 14.0, 69.0, 50.0, 50.0, 50.0, 60.0, 50.0, 60.0, 40.0, 80.0, 50.0, 70.0, 50.0, 50.0, 50.0, 60.0, 50.0, 60.0, 70.0, 50.0, 50.0, 50.0, 50.0, 58.0, 50.0, 60.0, 50.0, 60.0]","[5, 6, 6, 6, 5, 4, 6, 5, 6, 6, 6, 6, 6, 6, 5, 6, 5, 5, 4, 4, 6, 5, 6, 5, 5, 5, 5, 6, 5, 5, 5, 4, 5, 6, 6, 4, 5, 5, 5, 6, 4, 5, 7, 6, 6, 7, 7, 5, 5, 6, 5, 5, 5, 6, 6, 7, 5, 5, 6, 5, 6, 6, 60, 6, 7, 5, 5, 33, 6, 11, 5, 7, 5, 5, 6, 5, 5, 6, 6, 6, 5, 7, 6, 5, 5, 5, 7, 5, 5, 6, 18, 6, 7, 43, 5, 6, 5, 5, 7, 5, 6, 6, 6, 5, 8, 5, 5, 5, 6, 54, 52, 8, 5, 5, 5, 6, 5, 6, 4, 8, 5, 7, 5, 5, 5, 6, 5, 6, 7, 5, 5, 5, 5, 8, 5, 6, 5, 6]",0.1012197915719698,1.0186670675921718,0.04377293886979972,0.6573771294986921,0.0,0.075,427444.994,2.729,11726.579,32000,32000,248032,32,248032,31744,62,9.683333333333335,52.4,"[ 5.050869   28.4752      0.75677776 -5.782875    1.2650108  -2.735447
  4.0781918  -2.735447   -5.067032   35.86351    -6.474022    4.0781918
 -6.5122375  -9.051651    0.69971085 -3.5947495  -1.5021648   0.65028954
 -2.0495472   1.9411659  -3.5947495   4.1850967   0.87633324 -3.5947495
 -1.143425    0.12307358 -1.5530872  -0.23984051 -8.994584   -5.782875
 -4.907316   -0.07292175]",0.0005000000237487257,32.058792,9.153205,53.240154,0.3954594
80.0,-38.0,48.78,10.07,98,0,33000,32,33000,False,2441,33,default,007501b49004447ebb0f0b5791bbb6ca,2024-01-22_13-24-44,1705947884,3.4557812213897705,104.93411326408386,22860,shossain-Legion-5,10.226.80.58,104.93411326408386,1056,33,"[50.0, 60.0, 50.0, 60.0, 50.0, 50.0, 60.0, 70.0, 50.0, 60.0, 50.0, 60.0, 50.0, 69.0, 40.0, 60.0, 50.0, 70.0, 60.0, 50.0, 50.0, 50.0, 60.0, 50.0, 49.0, 40.0, 70.0, 50.0, 60.0, 60.0, 45.0, 60.0, 50.0, 40.0, 50.0, 40.0, 60.0, 50.0, 60.0, 50.0, 34.0, 50.0, 50.0, 49.0, 50.0, 60.0, 50.0, 50.0, 49.0, 40.0, -38.0, 50.0, 60.0, 50.0, 50.0, 49.0, 49.0, 69.0, 50.0, 50.0, 70.0, 70.0, 50.0, 50.0, -38.0, -38.0, 49.0, 49.0, 37.0, 50.0, 27.0, 60.0, 50.0, 50.0, 40.0, 59.0, 80.0, 60.0, 40.0, 70.0, 58.0, 50.0, 60.0, 15.0, 60.0, 60.0, 50.0, 15.0, 50.0, 60.0, 60.0, 50.0, 50.0, 50.0, 50.0, 60.0, 7.0, 70.0, 50.0, -16.0]","[5, 6, 5, 6, 5, 5, 6, 7, 5, 6, 5, 6, 5, 8, 4, 6, 5, 7, 6, 5, 5, 5, 6, 5, 6, 4, 7, 5, 6, 6, 32, 6, 5, 4, 5, 4, 6, 5, 6, 5, 21, 5, 5, 6, 5, 6, 5, 5, 6, 4, 60, 5, 6, 16, 5, 6, 6, 8, 5, 5, 7, 7, 5, 5, 60, 60, 6, 6, 18, 5, 50, 6, 5, 5, 4, 7, 8, 6, 4, 7, 8, 5, 6, 51, 6, 6, 5, 40, 5, 6, 6, 5, 5, 5, 5, 6, 48, 7, 5, 60]",0.10144804974449446,1.0195057093753999,0.0436399887610381,0.6629952801120637,0.0,0.063,506481.992,2.771,11549.784,33000,33000,256032,32,256032,32752,64,9.6,52.4,"[ 2.7795429e+00  7.5691605e-01 -5.0068417e+00 -7.9733276e-01
  2.7795429e+00 -7.9733276e-01 -5.7184181e+00 -1.1336174e+00
  3.4708244e+01  7.5691605e-01 -9.4767933e+00  1.1587486e+01
  7.5691605e-01  1.4340607e+01 -6.4184570e-01 -5.1272888e+00
 -3.1755962e+00  1.7217522e+00  5.5373039e+00  1.9602394e-01
  7.5387192e-01 -1.1086884e+00 -5.7184181e+00  6.1063004e-01
  3.6036854e+00  3.4479961e+01  3.1232500e+01 -9.5304766e+00
  3.1253719e+00 -2.2754669e-02  7.5387192e-01 -2.0304794e+00]",0.0005000000237487257,32.920464,10.537379,53.91058,3.1311018
80.0,40.0,55.304597701149426,5.764367816091954,174,0,34000,32,34000,False,2615,34,default,007501b49004447ebb0f0b5791bbb6ca,2024-01-22_13-24-48,1705947888,3.5402779579162598,108.47439122200012,22860,shossain-Legion-5,10.226.80.58,108.47439122200012,1088,34,"[50.0, 50.0, 50.0, 50.0, 50.0, 50.0, 60.0, 50.0, 50.0, 50.0, 50.0, 60.0, 60.0, 50.0, 50.0, 50.0, 50.0, 40.0, 59.0, 50.0, 50.0, 50.0, 60.0, 50.0, 50.0, 50.0, 50.0, 60.0, 50.0, 50.0, 50.0, 50.0, 50.0, 50.0, 68.0, 49.0, 60.0, 59.0, 50.0, 40.0, 60.0, 70.0, 69.0, 40.0, 70.0, 50.0, 50.0, 50.0, 60.0, 50.0, 50.0, 40.0, 60.0, 60.0, 60.0, 49.0, 50.0, 50.0, 50.0, 49.0, 50.0, 50.0, 50.0, 60.0, 70.0, 60.0, 60.0, 50.0, 50.0, 60.0, 60.0, 40.0, 50.0, 50.0, 70.0, 70.0, 50.0, 60.0, 50.0, 60.0, 60.0, 50.0, 50.0, 50.0, 50.0, 60.0, 70.0, 60.0, 69.0, 50.0, 60.0, 60.0, 70.0, 60.0, 69.0, 50.0, 50.0, 70.0, 60.0, 70.0, 60.0, 70.0, 60.0, 60.0, 50.0, 60.0, 40.0, 50.0, 60.0, 60.0, 60.0, 59.0, 60.0, 60.0, 80.0, 50.0, 60.0, 60.0, 50.0, 50.0, 70.0, 60.0, 50.0, 49.0, 60.0, 40.0, 59.0, 50.0, 40.0, 50.0, 50.0, 50.0, 60.0, 50.0, 70.0, 60.0, 60.0, 70.0, 60.0, 59.0, 70.0, 49.0, 50.0, 60.0, 60.0, 60.0, 50.0, 49.0, 50.0, 59.0, 70.0, 50.0, 60.0, 60.0, 49.0, 50.0, 60.0, 60.0, 50.0, 60.0, 40.0, 41.0, 50.0, 60.0, 60.0, 60.0, 50.0, 50.0, 60.0, 50.0, 50.0, 50.0, 70.0, 60.0]","[5, 5, 5, 5, 5, 5, 6, 5, 5, 5, 5, 6, 6, 5, 5, 5, 5, 4, 7, 5, 5, 5, 6, 5, 5, 5, 5, 6, 5, 5, 5, 5, 5, 5, 9, 6, 6, 7, 5, 4, 6, 7, 8, 4, 7, 5, 5, 5, 6, 5, 5, 4, 6, 6, 6, 6, 5, 5, 5, 6, 5, 5, 5, 6, 7, 6, 6, 5, 5, 6, 6, 4, 5, 5, 7, 7, 5, 6, 5, 6, 6, 5, 5, 5, 5, 6, 7, 6, 8, 5, 6, 6, 7, 6, 8, 5, 5, 7, 6, 7, 6, 7, 6, 6, 5, 6, 4, 5, 6, 6, 6, 7, 6, 6, 8, 5, 6, 6, 5, 5, 7, 6, 5, 6, 6, 4, 7, 5, 4, 5, 5, 5, 6, 5, 7, 6, 6, 7, 6, 7, 7, 6, 5, 6, 6, 6, 5, 6, 5, 7, 7, 5, 6, 6, 6, 5, 6, 6, 5, 6, 4, 25, 5, 6, 6, 6, 5, 5, 6, 5, 5, 5, 7, 6]",0.1021401432906069,1.0212445440707758,0.04355653812350891,0.6693430127250752,0.0,0.066,488419.68,2.759,11596.586,34000,34000,264032,32,264032,33760,66,10.3,52.4,"[ 5.245922    0.432518    3.8234463  -0.23737335  1.8768921  10.700277
 -0.0632534  -4.4542427   1.8117294  -1.1387653  -1.9513378   0.9529152
 -1.0786724   0.38993454 -2.7013626  -1.02005     0.7760048  -6.657978
 -9.150167   -1.02005    -1.0786724  -7.1064034   0.0864296   0.7760048
 -3.038498    0.38993454  0.432518    0.38993454 -4.4542427  -1.02005
  5.71591     0.7760048 ]",0.0005000000237487257,34.945896,8.927973,54.077896,-0.36233574
80.0,20.0,54.4,6.2375,160,0,35000,32,35000,False,2775,35,default,007501b49004447ebb0f0b5791bbb6ca,2024-01-22_13-24-52,1705947892,3.588991403579712,112.06338262557983,22860,shossain-Legion-5,10.226.80.58,112.06338262557983,1120,35,"[60.0, 50.0, 50.0, 60.0, 50.0, 60.0, 70.0, 50.0, 50.0, 50.0, 70.0, 60.0, 60.0, 50.0, 50.0, 60.0, 60.0, 50.0, 60.0, 60.0, 60.0, 70.0, 60.0, 50.0, 50.0, 40.0, 60.0, 50.0, 50.0, 50.0, 70.0, 50.0, 60.0, 60.0, 60.0, 50.0, 60.0, 50.0, 39.0, 50.0, 50.0, 60.0, 60.0, 50.0, 59.0, 60.0, 60.0, 49.0, 60.0, 60.0, 60.0, 50.0, 60.0, 50.0, 60.0, 50.0, 50.0, 50.0, 50.0, 50.0, 50.0, 50.0, 50.0, 50.0, 50.0, 44.0, 60.0, 50.0, 70.0, 50.0, 50.0, 60.0, 50.0, 50.0, 33.0, 60.0, 49.0, 60.0, 70.0, 60.0, 40.0, 60.0, 50.0, 60.0, 50.0, 50.0, 20.0, 50.0, 60.0, 60.0, 50.0, 60.0, 40.0, 50.0, 60.0, 70.0, 50.0, 60.0, 60.0, 60.0, 59.0, 50.0, 60.0, 50.0, 50.0, 50.0, 60.0, 60.0, 50.0, 49.0, 60.0, 59.0, 49.0, 69.0, 50.0, 60.0, 50.0, 50.0, 59.0, 50.0, 50.0, 50.0, 80.0, 60.0, 50.0, 60.0, 50.0, 50.0, 60.0, 50.0, 50.0, 60.0, 60.0, 60.0, 50.0, 50.0, 60.0, 50.0, 50.0, 60.0, 70.0, 31.0, 50.0, 59.0, 50.0, 40.0, 50.0, 50.0, 60.0, 50.0, 60.0, 60.0, 50.0, 69.0, 50.0, 60.0, 49.0, 49.0, 50.0, 50.0]","[6, 5, 5, 6, 5, 6, 7, 5, 5, 5, 7, 6, 6, 5, 5, 6, 6, 5, 6, 6, 6, 7, 6, 5, 5, 4, 6, 5, 5, 5, 7, 5, 6, 6, 6, 5, 6, 5, 5, 5, 5, 6, 6, 5, 7, 6, 6, 6, 6, 6, 6, 5, 6, 5, 6, 5, 5, 5, 5, 5, 5, 5, 5, 5, 5, 22, 6, 5, 7, 5, 5, 6, 5, 5, 33, 6, 6, 6, 7, 6, 4, 6, 5, 6, 5, 5, 24, 5, 6, 6, 5, 6, 4, 5, 6, 7, 5, 6, 6, 6, 7, 5, 6, 5, 5, 5, 6, 6, 5, 6, 6, 7, 6, 8, 5, 6, 5, 5, 7, 5, 5, 5, 8, 6, 5, 6, 5, 5, 6, 5, 5, 6, 6, 6, 5, 5, 6, 5, 5, 6, 7, 46, 5, 7, 5, 4, 5, 5, 6, 5, 6, 6, 5, 8, 5, 6, 6, 6, 5, 5]",0.10276852306347331,1.0233399718220768,0.043461566032544155,0.6753640196527134,0.0,0.064,500999.358,2.845,11248.081,35000,35000,272032,32,272032,34768,68,9.9,52.43333333333334,"[-0.6311989  -6.340271    0.25086212 -6.988079   -1.3924599  -2.8861961
 -3.7533646  -6.340271   -0.05399323 25.35418    28.61786     0.22807693
 -0.86906433  2.0177116   1.3694515   0.45864868 -6.340271    2.3026714
 -0.4925499   0.54570484  5.31736    -1.4459953  -3.101242    4.7665157
 -0.86906433  0.29393005  4.941223    0.10232925  4.941223    1.1214466
 -0.4925499   5.932934  ]",0.0005000000237487257,34.756477,10.545705,54.648674,1.4551737
80.0,18.0,53.75657894736842,6.453947368421052,152,0,36000,32,36000,False,2927,36,default,007501b49004447ebb0f0b5791bbb6ca,2024-01-22_13-24-55,1705947895,3.582505226135254,115.64588785171509,22860,shossain-Legion-5,10.226.80.58,115.64588785171509,1152,36,"[50.0, 60.0, 50.0, 60.0, 60.0, 50.0, 68.0, 50.0, 48.0, 60.0, 40.0, 50.0, 50.0, 60.0, 60.0, 79.0, 60.0, 60.0, 59.0, 60.0, 80.0, 40.0, 79.0, 49.0, 60.0, 49.0, 60.0, 60.0, 50.0, 70.0, 50.0, 50.0, 50.0, 70.0, 60.0, 60.0, 50.0, 50.0, 50.0, 50.0, 60.0, 50.0, 60.0, 40.0, 49.0, 50.0, 60.0, 59.0, 49.0, 80.0, 50.0, 50.0, 60.0, 60.0, 40.0, 50.0, 50.0, 50.0, 70.0, 59.0, 50.0, 60.0, 50.0, 50.0, 50.0, 70.0, 60.0, 50.0, 40.0, 60.0, 50.0, 60.0, 50.0, 50.0, 50.0, 50.0, 50.0, 70.0, 60.0, 60.0, 60.0, 39.0, 50.0, 60.0, 50.0, 50.0, 60.0, 50.0, 50.0, 50.0, 60.0, 60.0, 50.0, 50.0, 60.0, 60.0, 50.0, 50.0, 49.0, 49.0, 50.0, 50.0, 60.0, 50.0, 60.0, 50.0, 50.0, 60.0, 50.0, 60.0, 80.0, 50.0, 50.0, 50.0, 60.0, 60.0, 50.0, 50.0, 40.0, 50.0, 50.0, 50.0, 60.0, 60.0, 50.0, 50.0, 60.0, 40.0, 50.0, 54.0, 50.0, 60.0, 50.0, 50.0, 50.0, 50.0, 50.0, 50.0, 60.0, 50.0, 60.0, 18.0, 60.0, 32.0, 50.0, 40.0, 28.0, 60.0, 40.0, 50.0, 45.0, 50.0]","[5, 6, 5, 6, 6, 16, 9, 5, 7, 6, 4, 5, 5, 6, 6, 9, 6, 6, 7, 6, 8, 4, 9, 6, 6, 6, 6, 6, 5, 7, 5, 5, 5, 7, 6, 6, 5, 5, 5, 5, 6, 5, 6, 4, 6, 5, 6, 7, 6, 8, 5, 5, 6, 6, 4, 5, 5, 5, 7, 7, 5, 6, 5, 5, 5, 7, 6, 5, 4, 6, 5, 6, 5, 5, 5, 5, 5, 7, 6, 6, 6, 5, 5, 6, 5, 5, 6, 5, 5, 5, 6, 6, 5, 5, 6, 6, 5, 5, 6, 6, 5, 5, 6, 5, 6, 5, 5, 6, 5, 6, 8, 5, 5, 5, 6, 6, 5, 5, 4, 5, 5, 5, 6, 6, 5, 5, 6, 4, 5, 34, 5, 6, 5, 5, 5, 5, 5, 5, 6, 5, 6, 37, 6, 34, 5, 4, 27, 6, 4, 5, 21, 5]",0.10325099980777172,1.0250765715521946,0.043408002678823034,0.681658856839141,0.0,0.064,500252.434,2.678,11948.733,36000,36000,280032,32,280032,35776,70,9.860000000000001,52.5,"[ 3.0245056  -5.2337875   0.15786171  1.034275    5.578743   -3.0458717
 -3.0458717   1.034275   -5.9492493   1.144867   -9.08842     0.356205
  2.9761524   5.861719   -2.9222412   2.4364777  -0.15721893  2.266655
 -4.3769073  -3.721552    0.8703003  -0.61891174 -2.238089   -9.08842
  0.25221443  1.034275    0.707531   -2.9222412   1.010644   -9.203426
  0.25221443 -2.9222412 ]",0.0005000000237487257,31.75303,6.8609757,53.072964,-1.0792354
80.0,-49.0,51.06956521739131,8.617391304347827,115,0,37000,32,37000,False,3042,37,default,007501b49004447ebb0f0b5791bbb6ca,2024-01-22_13-24-59,1705947899,3.5924062728881836,119.23829412460327,22860,shossain-Legion-5,10.226.80.58,119.23829412460327,1184,37,"[-38.0, 38.0, 50.0, 13.0, 60.0, 60.0, 50.0, 60.0, 59.0, 60.0, 50.0, 50.0, 59.0, 50.0, 50.0, 60.0, 60.0, 50.0, 50.0, 50.0, 60.0, 49.0, 60.0, 49.0, 80.0, 50.0, 50.0, 27.0, 70.0, 70.0, 29.0, 50.0, 50.0, 50.0, 50.0, 60.0, 50.0, 49.0, 70.0, 50.0, 60.0, 60.0, 50.0, 50.0, 37.0, 40.0, 50.0, 60.0, 70.0, 50.0, 50.0, 49.0, 50.0, 50.0, 10.0, 60.0, 60.0, 50.0, 50.0, 50.0, 70.0, 50.0, 40.0, 60.0, 50.0, 50.0, 49.0, 60.0, 48.0, 70.0, 30.0, 59.0, 60.0, 50.0, 50.0, 40.0, 60.0, 50.0, 50.0, -49.0, 60.0, 50.0, 60.0, 50.0, 70.0, 50.0, 70.0, 69.0, 50.0, 50.0, 60.0, 59.0, 60.0, 49.0, 60.0, 49.0, 50.0, 60.0, 50.0, 50.0, 50.0, 40.0, 50.0, 50.0, 60.0, 50.0, 50.0, 70.0, 60.0, 50.0, 50.0, 50.0, 50.0, 50.0, 50.0]","[60, 28, 5, 42, 6, 6, 5, 6, 7, 6, 5, 5, 7, 5, 5, 6, 6, 5, 5, 5, 6, 6, 6, 6, 8, 5, 5, 28, 7, 7, 48, 5, 5, 5, 5, 6, 5, 6, 7, 5, 6, 6, 5, 5, 18, 4, 5, 6, 7, 5, 5, 6, 5, 5, 56, 6, 6, 5, 5, 5, 7, 5, 4, 6, 5, 5, 6, 6, 18, 7, 36, 7, 6, 5, 5, 4, 6, 5, 5, 60, 6, 5, 6, 5, 7, 5, 7, 8, 5, 5, 6, 7, 6, 6, 6, 6, 5, 6, 5, 5, 5, 15, 5, 5, 6, 5, 5, 7, 6, 5, 5, 5, 5, 5, 5]",0.10357403483913635,1.0264318751817147,0.04336325620523045,0.6879037890716881,0.0,0.065,494903.127,2.668,11996.043,37000,37000,288032,32,288032,36784,72,10.1,52.54,"[-2.1580200e+00  4.7782059e+00 -2.6335106e+00 -5.5354996e+00
 -1.0334930e+00 -2.0479622e+00  8.5839272e-01  1.1774406e+00
 -2.0479622e+00  4.7254562e-03  2.8803339e+01 -9.8895311e+00
 -2.7412033e+00  1.1774406e+00 -1.6585770e+00 -9.6530628e+00
  3.5429039e+00 -2.8747940e-01 -1.3795319e+00 -1.2889347e+00
 -3.4914284e+00 -2.0479622e+00  8.5839272e-01 -1.5133934e+00
  3.5862492e+01 -1.0334930e+00  3.4655972e+00  1.1720467e+00
 -2.1580200e+00  3.6207199e-01 -2.1580200e+00  4.9602699e-01]",0.0005000000237487257,34.97399,10.004725,55.510025,0.8688123
80.0,-49.0,49.06,10.34,99,0,38000,32,38000,False,3141,38,default,007501b49004447ebb0f0b5791bbb6ca,2024-01-22_13-25-02,1705947902,3.6610608100891113,122.89935493469238,22860,shossain-Legion-5,10.226.80.58,122.89935493469238,1216,38,"[50.0, -27.0, 37.0, -16.0, 50.0, 60.0, 50.0, 60.0, 60.0, 50.0, 22.0, 60.0, -27.0, 70.0, -27.0, 60.0, -27.0, 41.0, 50.0, 69.0, 50.0, 50.0, 60.0, 40.0, 44.0, 60.0, 40.0, 60.0, 60.0, 50.0, 67.0, 60.0, 60.0, 50.0, 50.0, 50.0, 70.0, 59.0, 49.0, 49.0, 50.0, 50.0, 80.0, 60.0, 46.0, 60.0, 60.0, 41.0, 50.0, 60.0, 52.0, 60.0, 50.0, 50.0, 50.0, 40.0, 50.0, 59.0, 40.0, -49.0, 60.0, 60.0, 50.0, 60.0, 50.0, 60.0, 49.0, 50.0, 70.0, 40.0, 33.0, 50.0, 80.0, 59.0, 50.0, 50.0, 60.0, 70.0, 58.0, 60.0, 59.0, 50.0, 60.0, 60.0, 50.0, 50.0, 60.0, 50.0, 50.0, 58.0, 49.0, 60.0, 50.0, 59.0, 50.0, 50.0, 50.0, 50.0, 50.0, 70.0]","[5, 60, 18, 60, 5, 6, 5, 6, 6, 5, 33, 6, 60, 7, 60, 6, 60, 14, 5, 8, 5, 5, 6, 4, 22, 6, 4, 6, 6, 5, 10, 6, 6, 5, 5, 5, 7, 7, 6, 6, 5, 5, 8, 6, 31, 6, 6, 14, 5, 6, 14, 6, 5, 5, 5, 4, 5, 7, 4, 60, 6, 6, 5, 6, 5, 6, 6, 5, 7, 4, 33, 5, 8, 7, 5, 5, 6, 7, 8, 6, 7, 5, 6, 6, 5, 5, 6, 5, 5, 8, 6, 6, 5, 7, 5, 5, 5, 5, 5, 7]",0.10382029926143037,1.0284571316451585,0.04337381114357379,0.6946121161345684,0.0,0.075,429359.335,2.791,11465.035,38000,38000,296032,32,296032,37792,74,9.92,52.64000000000001,"[ 0.34542847 -9.651785    0.09188652 -1.7960472   0.55506897 -0.945961
  1.7472763   3.2651405  -0.26989365 -1.3408947  -4.993826   -3.2548866
  0.50774    -0.40153885 -0.2334404  31.448343    0.50774    35.946255
  0.0734005   0.34542847  0.11774445 -4.489311   -5.24148    -1.6726913
  0.0734005  -6.0161705   3.6849537   3.2651405   3.4762363   4.3355827
 -0.7606373  -7.398184  ]",0.0005000000237487257,33.626163,10.533083,55.438923,1.2912507
80.0,-38.0,52.689922480620154,7.767441860465116,129,0,39000,32,39000,False,3270,39,default,007501b49004447ebb0f0b5791bbb6ca,2024-01-22_13-25-06,1705947906,3.666494369506836,126.56584930419922,22860,shossain-Legion-5,10.226.80.58,126.56584930419922,1248,39,"[60.0, 69.0, 50.0, 60.0, 50.0, 60.0, 60.0, 50.0, 60.0, 50.0, 50.0, 50.0, 60.0, 60.0, 60.0, 60.0, 50.0, 70.0, 50.0, 60.0, 60.0, 60.0, 50.0, 50.0, 49.0, 59.0, 60.0, 60.0, 50.0, 60.0, 50.0, 50.0, 50.0, 49.0, 60.0, 50.0, 38.0, 60.0, 60.0, 60.0, 50.0, 60.0, 49.0, 60.0, 50.0, 60.0, 70.0, 60.0, 60.0, 50.0, 50.0, 70.0, 60.0, 50.0, 50.0, 59.0, 70.0, 50.0, 50.0, 50.0, 70.0, 40.0, 50.0, 23.0, 50.0, 69.0, 60.0, 50.0, 60.0, 60.0, 60.0, 50.0, 60.0, 60.0, 50.0, 60.0, 50.0, 60.0, 60.0, 49.0, 50.0, 60.0, 60.0, 20.0, 50.0, 50.0, 50.0, 50.0, 40.0, 50.0, 50.0, 50.0, 60.0, 60.0, 50.0, 43.0, 40.0, 50.0, 50.0, 49.0, 50.0, 50.0, 60.0, 60.0, 60.0, 60.0, 60.0, 50.0, -16.0, 49.0, 60.0, 80.0, 50.0, 49.0, 50.0, -38.0, 65.0, 60.0, -27.0, 48.0, 46.0, 49.0, 80.0, 39.0, 48.0, 70.0, 60.0, 40.0, 60.0]","[6, 8, 5, 6, 5, 6, 6, 5, 6, 5, 5, 5, 6, 6, 6, 6, 5, 7, 5, 6, 6, 6, 5, 5, 6, 7, 6, 6, 5, 6, 5, 5, 5, 6, 6, 5, 17, 6, 6, 6, 5, 6, 6, 6, 5, 6, 7, 6, 6, 5, 5, 7, 6, 5, 5, 7, 7, 5, 5, 5, 7, 4, 5, 32, 5, 8, 6, 5, 6, 6, 6, 5, 6, 6, 5, 6, 5, 6, 6, 6, 5, 6, 6, 46, 5, 5, 5, 5, 4, 5, 5, 5, 6, 6, 5, 12, 4, 5, 5, 6, 5, 5, 6, 6, 6, 6, 6, 5, 60, 6, 6, 8, 5, 6, 5, 60, 12, 6, 60, 7, 9, 6, 8, 5, 18, 7, 6, 4, 6]",0.10418532454097294,1.0302772198220753,0.04336904927414597,0.7011888638566308,0.0,0.066,482797.583,2.869,11153.395,39000,39000,304032,32,304032,38800,76,10.680000000000001,52.64,"[-5.0804157   4.4020996   5.631588   -0.30005646  1.5575752   3.74794
  4.4020996  -2.9142342  -6.0498505   0.69235706  0.24069595 -6.5102425
  6.2591534  -2.9142342   0.35523224  0.9206257   0.24069595 -0.30005646
 -2.726759   -0.655426   -1.0394096  -2.9382133   0.5320282  -2.2889538
  3.61228     1.5575752  -0.88360786  1.2577782  -2.002983    3.7949982
  0.24069595  0.58926773]",0.0005000000237487257,33.74272,10.589268,54.149113,0.10719511
70.0,-49.0,53.16216216216216,6.445945945945946,148,0,40000,32,40000,False,3418,40,default,007501b49004447ebb0f0b5791bbb6ca,2024-01-22_13-25-10,1705947910,3.6521639823913574,130.21801328659058,22860,shossain-Legion-5,10.226.80.58,130.21801328659058,1280,40,"[60.0, 60.0, 40.0, 60.0, 60.0, 50.0, 60.0, 50.0, 50.0, 50.0, 50.0, 60.0, 50.0, 60.0, 50.0, 50.0, 50.0, 50.0, 60.0, 50.0, 50.0, 50.0, 60.0, 60.0, 50.0, 59.0, 60.0, 49.0, 50.0, 50.0, 70.0, 70.0, 49.0, 70.0, 40.0, 49.0, 60.0, 50.0, 50.0, 50.0, 40.0, -49.0, 23.0, 50.0, 60.0, 50.0, 50.0, 9.0, 50.0, 70.0, 60.0, 50.0, 58.0, 50.0, 50.0, 50.0, 50.0, 60.0, 60.0, 50.0, 50.0, 60.0, 70.0, 60.0, 50.0, 50.0, 60.0, 60.0, 50.0, 50.0, 50.0, 50.0, 50.0, 60.0, 60.0, 57.0, 50.0, 40.0, 50.0, 50.0, 70.0, 50.0, 50.0, 59.0, 50.0, 60.0, 50.0, 50.0, 60.0, 50.0, 60.0, 40.0, 59.0, 50.0, 50.0, 70.0, 60.0, 50.0, 50.0, 50.0, 40.0, 50.0, 70.0, 50.0, 60.0, 40.0, 50.0, 60.0, 69.0, 60.0, 60.0, 60.0, 50.0, 60.0, 50.0, 50.0, 60.0, 50.0, 60.0, 50.0, 60.0, 60.0, 60.0, 60.0, 60.0, 50.0, 50.0, 50.0, 60.0, 50.0, 59.0, 60.0, 60.0, 50.0, 50.0, 40.0, 50.0, 60.0, 59.0, 50.0, 59.0, 60.0, 60.0, 40.0, 70.0, 50.0, 50.0, 60.0]","[6, 6, 4, 6, 6, 5, 6, 5, 5, 5, 5, 6, 5, 6, 5, 5, 5, 5, 6, 5, 5, 5, 6, 6, 5, 7, 6, 6, 5, 5, 7, 7, 6, 7, 4, 6, 6, 5, 5, 5, 4, 60, 32, 5, 6, 5, 5, 46, 5, 7, 6, 5, 8, 5, 5, 5, 5, 6, 6, 5, 5, 6, 7, 6, 5, 5, 6, 6, 5, 5, 5, 5, 5, 6, 6, 9, 5, 4, 5, 5, 7, 5, 5, 7, 5, 6, 5, 5, 6, 5, 6, 4, 7, 5, 5, 7, 6, 5, 5, 5, 4, 5, 7, 5, 6, 4, 5, 6, 8, 6, 6, 6, 5, 6, 5, 5, 6, 5, 17, 5, 6, 6, 6, 6, 6, 5, 5, 5, 6, 5, 7, 6, 6, 5, 5, 4, 5, 6, 7, 5, 7, 6, 6, 4, 7, 5, 5, 6]",0.10465674422859582,1.0317291952020504,0.043314399279605405,0.7074166946371081,0.0,0.065,494174.256,2.738,11688.182,40000,40000,312032,32,312032,39808,78,10.283333333333333,52.86666666666667,"[ 2.9753838  -0.38664627  2.8009472   0.5556507  -1.6576843  -9.172693
  0.53262806 -1.384716   -9.195716    0.53262806 -1.384716    2.2934341
 -1.0598202  24.874786   -1.384716    5.7552147  -1.384716   -1.6576843
 -9.195716   -5.5657425  -0.3603058  -1.4696293  -4.4503727   2.2934341
  3.702486    3.702486   -4.147583   10.577258    4.1202736   1.6905537
  3.1086483  -5.5657425 ]",0.0005000000237487257,29.532013,9.577258,53.81631,0.3153629
70.0,-49.0,51.7,7.464285714285714,140,0,41000,32,41000,False,3558,41,default,007501b49004447ebb0f0b5791bbb6ca,2024-01-22_13-25-13,1705947913,3.6314821243286133,133.8494954109192,22860,shossain-Legion-5,10.226.80.58,133.8494954109192,1312,41,"[-49.0, 50.0, 50.0, 60.0, 50.0, 60.0, 50.0, 63.0, 50.0, 59.0, 40.0, 50.0, 50.0, 70.0, 70.0, 50.0, 50.0, 60.0, 59.0, 50.0, 50.0, 50.0, 50.0, 60.0, 50.0, -49.0, 49.0, 60.0, 60.0, 50.0, 50.0, 60.0, 50.0, 50.0, 60.0, 50.0, 50.0, 50.0, 50.0, 40.0, 50.0, 60.0, 70.0, 50.0, 60.0, 69.0, 50.0, 50.0, 50.0, 50.0, 50.0, 49.0, 50.0, 60.0, 40.0, 15.0, 60.0, 50.0, 50.0, 60.0, 50.0, 50.0, 50.0, 60.0, 70.0, 50.0, 60.0, 60.0, 50.0, 60.0, 60.0, 50.0, 50.0, 60.0, 60.0, 50.0, 50.0, 22.0, 50.0, 60.0, 50.0, 60.0, 60.0, 49.0, 40.0, 60.0, 50.0, 50.0, 50.0, 50.0, 50.0, 60.0, 60.0, 50.0, 50.0, 42.0, 70.0, 60.0, 50.0, 50.0, 50.0, 50.0, 50.0, 60.0, 60.0, 20.0, 50.0, 50.0, 40.0, 50.0, 60.0, 69.0, 60.0, 60.0, 50.0, 50.0, 70.0, 50.0, 60.0, 70.0, 60.0, 60.0, 60.0, 40.0, 60.0, 42.0, 50.0, 50.0, 50.0, 59.0, 60.0, 50.0, 50.0, 50.0, 40.0, 50.0, 50.0, 50.0, 70.0, 50.0]","[60, 5, 5, 6, 5, 6, 5, 25, 5, 7, 4, 5, 5, 7, 7, 5, 5, 6, 7, 5, 5, 5, 5, 6, 5, 60, 6, 6, 6, 5, 5, 6, 5, 5, 6, 5, 5, 5, 5, 4, 5, 6, 7, 5, 6, 8, 5, 5, 5, 5, 5, 6, 5, 6, 4, 40, 6, 5, 5, 6, 5, 5, 5, 6, 7, 5, 6, 6, 5, 6, 6, 5, 5, 6, 6, 5, 5, 55, 5, 6, 5, 6, 6, 6, 4, 6, 5, 5, 5, 5, 5, 6, 6, 5, 5, 13, 7, 6, 5, 5, 5, 5, 5, 6, 6, 46, 5, 5, 4, 5, 6, 8, 6, 6, 5, 5, 7, 5, 6, 7, 6, 6, 6, 4, 6, 24, 5, 5, 5, 7, 6, 5, 5, 5, 4, 5, 5, 5, 7, 5]",0.10499628935583374,1.0327893476224999,0.0432308282896599,0.7134756661982617,0.0,0.065,494538.423,2.637,12135.748,41000,41000,320032,32,320032,40816,80,9.7,52.86,"[ 0.8043337  -0.17399216  1.0805454   1.7432556  -0.4388218  -1.6003838
 -1.4827995   0.95264816 -1.1670685   4.603615    1.2676125  -3.4268951
  0.68878555  0.8999729  -1.6003838   0.8043337   1.066822    0.71650314
 -6.4303246  -1.7898254  -9.429187   -1.6003838  -7.3093834   1.066822
 -0.69553757 -0.33909607 -4.9728775   1.6738548   0.91566086 -1.1670685
 -3.4268951  -7.9154186 ]",0.0005000000237487257,33.024662,10.804334,54.378418,-1.1462994
79.0,-38.0,52.84076433121019,6.3630573248407645,157,0,42000,32,42000,False,3715,42,default,007501b49004447ebb0f0b5791bbb6ca,2024-01-22_13-25-17,1705947917,3.700565814971924,137.5500612258911,22860,shossain-Legion-5,10.226.80.58,137.5500612258911,1344,42,"[50.0, 50.0, 50.0, 50.0, 34.0, 60.0, 50.0, 70.0, 60.0, 50.0, 50.0, 70.0, 60.0, 70.0, 60.0, 49.0, 50.0, 50.0, 50.0, 50.0, 50.0, 50.0, 60.0, 50.0, 70.0, 60.0, 70.0, 60.0, 60.0, 50.0, 60.0, 25.0, 50.0, 40.0, 50.0, 50.0, 59.0, 60.0, 60.0, 50.0, 60.0, 60.0, 50.0, 70.0, 60.0, 60.0, 50.0, 50.0, 50.0, 60.0, 60.0, 50.0, 50.0, 49.0, 31.0, 50.0, 50.0, 50.0, 59.0, 50.0, 49.0, 50.0, 70.0, 50.0, 70.0, 60.0, 49.0, 60.0, -38.0, 50.0, 50.0, 50.0, 60.0, 79.0, 50.0, 50.0, 58.0, 40.0, 40.0, 50.0, 60.0, 50.0, 60.0, 49.0, 60.0, 49.0, 70.0, 49.0, 50.0, 50.0, 50.0, 69.0, 40.0, 40.0, 50.0, 50.0, 60.0, 60.0, 60.0, 50.0, 60.0, 50.0, 50.0, 60.0, 60.0, 50.0, 50.0, 50.0, 50.0, 50.0, 60.0, 60.0, 50.0, 49.0, 40.0, 50.0, 50.0, 40.0, 40.0, 58.0, 40.0, 50.0, 50.0, 50.0, 50.0, 50.0, 50.0, 50.0, 54.0, 70.0, 49.0, 40.0, 50.0, 70.0, 70.0, 50.0, 50.0, 60.0, 50.0, 59.0, 60.0, 50.0, 49.0, 39.0, 50.0, 60.0, 50.0, 50.0, 60.0, 50.0, 60.0, 60.0, 50.0, 50.0, 60.0, 50.0, 50.0]","[5, 5, 5, 5, 21, 6, 5, 7, 6, 5, 5, 7, 6, 7, 6, 6, 5, 5, 5, 5, 5, 5, 6, 5, 7, 6, 7, 6, 6, 5, 6, 30, 5, 4, 5, 5, 7, 6, 6, 5, 6, 6, 5, 7, 6, 6, 5, 5, 5, 6, 6, 5, 5, 6, 24, 5, 5, 5, 7, 5, 6, 5, 7, 5, 7, 6, 6, 6, 60, 5, 5, 5, 6, 9, 5, 5, 8, 4, 4, 5, 6, 5, 6, 6, 6, 6, 7, 6, 5, 5, 5, 8, 4, 4, 5, 5, 6, 6, 6, 5, 6, 5, 5, 6, 6, 5, 5, 5, 5, 5, 6, 6, 5, 6, 4, 5, 5, 4, 4, 8, 4, 5, 5, 5, 5, 5, 5, 5, 12, 7, 6, 4, 5, 7, 7, 5, 5, 6, 5, 7, 6, 5, 6, 16, 5, 6, 5, 5, 6, 5, 6, 6, 5, 5, 6, 5, 5]",0.10545918868895399,1.0343331421691149,0.04318607344218333,0.7199169479634959,0.0,0.065,489488.432,2.631,12161.92,42000,42000,328032,32,328032,41824,82,10.0,52.879999999999995,"[ 3.9391041e+00  8.7188797e+00 -1.1701775e+00 -9.2988195e+00
 -9.1592407e-01 -1.1903820e+00 -6.3251057e+00 -1.5770912e-02
 -9.0675354e-01  6.0278511e+00  6.2458038e-02 -6.6037674e+00
 -1.3820839e+00 -1.6189003e-01 -1.7107620e+00 -2.8091087e+00
  1.0081482e-01  5.7954407e-01 -6.6851997e+00  4.2080421e+00
 -1.7107620e+00  3.3431206e+00  2.8366268e+01 -9.2988195e+00
 -9.2988195e+00  4.0896301e+00 -4.9624882e+00 -3.0131226e+00
 -3.6771965e-01  3.5211277e-01 -9.3379383e+00  2.4780312e+00]",0.0005000000237487257,29.08841,8.561544,55.003757,-0.46561122
79.0,12.0,54.05194805194805,6.376623376623376,154,0,43000,32,43000,False,3869,43,default,007501b49004447ebb0f0b5791bbb6ca,2024-01-22_13-25-21,1705947921,3.694484233856201,141.24454545974731,22860,shossain-Legion-5,10.226.80.58,141.24454545974731,1376,43,"[50.0, 60.0, 60.0, 42.0, 50.0, 59.0, 60.0, 49.0, 50.0, 70.0, 79.0, 59.0, 60.0, 70.0, 40.0, 50.0, 60.0, 50.0, 60.0, 60.0, 60.0, 50.0, 60.0, 50.0, 50.0, 50.0, 50.0, 12.0, 40.0, 59.0, 50.0, 40.0, 60.0, 60.0, 60.0, 60.0, 50.0, 50.0, 50.0, 40.0, 50.0, 69.0, 60.0, 50.0, 50.0, 60.0, 50.0, 25.0, 60.0, 40.0, 60.0, 60.0, 60.0, 50.0, 69.0, 50.0, 40.0, 50.0, 50.0, 50.0, 50.0, 50.0, 50.0, 60.0, 50.0, 50.0, 60.0, 60.0, 70.0, 50.0, 60.0, 50.0, 60.0, 50.0, 50.0, 50.0, 50.0, 60.0, 60.0, 46.0, 50.0, 60.0, 50.0, 60.0, 60.0, 59.0, 56.0, 50.0, 60.0, 50.0, 50.0, 50.0, 60.0, 50.0, 41.0, 50.0, 50.0, 50.0, 60.0, 60.0, 50.0, 50.0, 59.0, 60.0, 60.0, 50.0, 60.0, 50.0, 49.0, 50.0, 70.0, 60.0, 60.0, 60.0, 50.0, 60.0, 50.0, 50.0, 60.0, 50.0, 50.0, 60.0, 60.0, 36.0, 60.0, 60.0, 60.0, 60.0, 62.0, 60.0, 70.0, 49.0, 50.0, 40.0, 48.0, 60.0, 60.0, 60.0, 50.0, 69.0, 50.0, 50.0, 50.0, 40.0, 49.0, 49.0, 60.0, 50.0, 60.0, 60.0, 60.0, 50.0, 60.0, 50.0]","[5, 6, 6, 13, 5, 7, 6, 6, 5, 7, 9, 7, 6, 7, 4, 5, 6, 5, 6, 6, 6, 5, 6, 5, 5, 5, 5, 43, 4, 7, 5, 4, 6, 6, 6, 6, 5, 5, 5, 4, 5, 8, 6, 5, 5, 6, 5, 19, 6, 4, 6, 6, 6, 5, 8, 5, 4, 5, 5, 5, 5, 5, 5, 6, 5, 5, 6, 6, 7, 5, 6, 5, 6, 5, 5, 5, 5, 6, 6, 9, 5, 6, 5, 6, 6, 7, 21, 5, 6, 5, 5, 5, 6, 5, 14, 5, 5, 5, 6, 6, 5, 5, 7, 6, 6, 5, 17, 5, 6, 5, 7, 6, 6, 6, 5, 6, 5, 5, 6, 5, 5, 6, 6, 19, 6, 6, 6, 6, 15, 6, 7, 6, 5, 4, 7, 6, 6, 6, 5, 8, 5, 5, 5, 4, 6, 6, 6, 5, 6, 6, 6, 5, 6, 5]",0.10589471442963183,1.0356411058202306,0.04312628987351063,0.7261618750391609,0.0,0.065,495085.681,2.76,11592.279,43000,43000,336032,32,336032,42832,84,9.959999999999999,52.85999999999999,"[ 6.2496185   3.319645    0.6429024  -0.72257996 35.700966   -0.10669708
 -2.27874    -0.72257996 -0.72257996  0.17389107 -2.960846    0.39271545
 -9.267458    3.1110153   0.1406908  -1.4581757  -9.267458    1.8217316
 -0.10669708 -2.52742    -2.3199768   0.17389107 -0.1575613  -2.52742
 -8.150459   -0.44846344  0.5634403  -1.5313225  -7.068266    3.6979465
  0.5634403   0.57164955]",0.0005000000237487257,27.649452,9.439521,51.96613,0.14933884
80.0,-49.0,53.274193548387096,8.201612903225806,124,0,44000,32,44000,False,3993,44,default,007501b49004447ebb0f0b5791bbb6ca,2024-01-22_13-25-25,1705947925,3.758679151535034,145.00322461128235,22860,shossain-Legion-5,10.226.80.58,145.00322461128235,1408,44,"[28.0, 70.0, 50.0, 70.0, 60.0, 21.0, 69.0, 60.0, 50.0, 50.0, 70.0, 50.0, 50.0, 50.0, 50.0, 49.0, 80.0, 50.0, 60.0, 50.0, 50.0, 50.0, 49.0, 65.0, 50.0, 50.0, 60.0, 50.0, 50.0, 60.0, 49.0, 70.0, 40.0, 60.0, 60.0, 60.0, 60.0, 60.0, 50.0, 60.0, 50.0, 60.0, 40.0, 60.0, 60.0, 70.0, 60.0, 60.0, 60.0, 37.0, 50.0, 60.0, 60.0, 40.0, 50.0, 70.0, 50.0, 60.0, 40.0, -27.0, 36.0, 60.0, 50.0, 60.0, 60.0, 50.0, 70.0, 50.0, -49.0, 60.0, 80.0, 60.0, 50.0, 50.0, 50.0, 50.0, 50.0, 60.0, 43.0, 70.0, 49.0, 50.0, 50.0, 50.0, 50.0, 42.0, 80.0, 50.0, 60.0, 40.0, 60.0, 50.0, 50.0, 50.0, 40.0, 50.0, 60.0, 60.0, 50.0, 60.0, 50.0, 50.0, 54.0, 60.0, 70.0, 58.0, 49.0, 60.0, 50.0, 60.0, 50.0, 35.0, 69.0, 60.0, 60.0, 50.0, 50.0, 70.0, 50.0, 60.0, 60.0, 60.0, 50.0, 60.0]","[38, 7, 5, 7, 6, 45, 8, 6, 5, 5, 7, 5, 5, 5, 5, 6, 8, 5, 6, 5, 5, 5, 6, 12, 5, 5, 6, 5, 5, 6, 6, 7, 4, 6, 6, 6, 6, 6, 5, 6, 5, 6, 4, 6, 6, 7, 6, 6, 6, 18, 5, 6, 6, 4, 5, 7, 5, 6, 4, 60, 19, 6, 5, 6, 6, 5, 7, 5, 60, 6, 8, 6, 5, 16, 5, 5, 5, 6, 23, 7, 6, 5, 5, 5, 5, 35, 8, 5, 6, 4, 6, 5, 5, 5, 4, 5, 6, 6, 5, 6, 5, 5, 23, 6, 7, 8, 6, 6, 5, 6, 5, 31, 8, 6, 6, 5, 5, 7, 5, 6, 6, 6, 5, 6]",0.10618166295954487,1.037449975552438,0.04310593388627375,0.7327654717123016,0.0,0.066,481930.801,2.931,10917.336,44000,44000,344032,32,344032,43840,86,9.516666666666667,52.9,"[-0.9320755   4.6107674   4.6107674   2.9421654  -2.7566032  -2.7566032
 -1.2402534   0.76301575  1.2395992  -9.201658   -0.01203251 -9.201658
 -6.817423   -5.8753433  -4.5848083  -0.80662537 -4.7556305  -2.5764809
 -2.7566032   0.4622879  -0.16618729 -6.817423    0.7813873   0.7813873
 -1.3290329  -0.16618729  0.76301575 -4.7556305  -8.426958   -2.5637999
 -0.31687546  9.458626  ]",0.0005000000237487257,34.63185,9.263464,53.16752,-1.6375898
70.0,-2.0,52.47552447552447,6.986013986013986,143,0,45000,32,45000,False,4136,45,default,007501b49004447ebb0f0b5791bbb6ca,2024-01-22_13-25-28,1705947928,3.7614850997924805,148.76470971107483,22860,shossain-Legion-5,10.226.80.58,148.76470971107483,1440,45,"[60.0, 50.0, 40.0, 59.0, 60.0, 50.0, 60.0, 50.0, 44.0, 50.0, 50.0, 50.0, 39.0, 9.0, 60.0, 70.0, 50.0, 60.0, 50.0, 60.0, 50.0, 60.0, 60.0, 70.0, 60.0, 50.0, 50.0, 60.0, 50.0, 50.0, 60.0, 50.0, 70.0, 50.0, 50.0, 59.0, 40.0, 50.0, 50.0, 50.0, 50.0, 50.0, 70.0, 50.0, 50.0, 50.0, 60.0, 60.0, 50.0, 70.0, 50.0, 60.0, 50.0, 50.0, 60.0, 50.0, 50.0, 60.0, 50.0, 50.0, 42.0, 50.0, 40.0, 60.0, 70.0, 50.0, 60.0, 60.0, 50.0, 50.0, 60.0, 50.0, 50.0, 50.0, 70.0, 59.0, 50.0, 50.0, 60.0, 19.0, 70.0, 70.0, 50.0, 50.0, 70.0, 50.0, 60.0, 15.0, -2.0, 60.0, 50.0, 50.0, 40.0, 60.0, 49.0, 40.0, 60.0, 60.0, 5.0, 60.0, 60.0, 40.0, 50.0, 60.0, 60.0, 69.0, 50.0, 60.0, 60.0, 50.0, 60.0, 50.0, 59.0, 70.0, 50.0, 40.0, 40.0, 50.0, 40.0, 60.0, 50.0, 60.0, 50.0, 50.0, 60.0, 50.0, 50.0, 50.0, 40.0, 60.0, 40.0, 70.0, 49.0, 50.0, 50.0, 50.0, 50.0, 50.0, 50.0, 60.0, 50.0, 60.0, 60.0]","[6, 5, 4, 7, 6, 5, 6, 5, 11, 5, 5, 5, 5, 57, 6, 7, 5, 6, 5, 6, 5, 6, 6, 7, 6, 5, 5, 6, 5, 5, 6, 5, 7, 5, 5, 7, 4, 5, 5, 5, 5, 5, 7, 5, 5, 5, 6, 6, 5, 7, 5, 6, 5, 5, 6, 5, 5, 6, 5, 5, 13, 5, 4, 6, 7, 5, 6, 6, 5, 5, 6, 5, 5, 5, 7, 7, 5, 5, 6, 36, 7, 7, 5, 5, 7, 5, 6, 40, 57, 6, 5, 5, 4, 6, 6, 4, 6, 6, 39, 6, 6, 4, 5, 6, 6, 8, 5, 6, 6, 5, 6, 5, 7, 7, 5, 4, 4, 5, 4, 6, 5, 6, 5, 5, 6, 5, 5, 5, 4, 6, 4, 7, 6, 5, 5, 5, 5, 5, 5, 6, 5, 6, 6]",0.10658573546422004,1.0391372179593519,0.04309309988254329,0.7393174281541709,0.0,0.065,491460.007,2.605,12286.163,45000,45000,352032,32,352032,44848,88,9.42,52.879999999999995,"[ 5.329174   -1.4535637   2.2635765  -6.727133    3.9172153  -2.7324448
  0.52913857  0.8886223  -0.25616455 -0.7527828  -0.49789047  0.09740829
  0.9544945   1.1343842   0.8053837   5.329174    5.329174   -2.4566383
  1.3354282  -5.8690567   1.1343842   1.0445824   0.09740829  0.9544945
  0.7483387  -8.443434   -1.4581223  -2.5386744   0.9544945   0.77545166
 -6.727133   -6.727133  ]",0.0005000000237487257,33.740116,10.805384,55.679314,-0.40680754
80.0,-38.0,50.375,8.946428571428571,112,0,46000,32,46000,False,4248,46,default,007501b49004447ebb0f0b5791bbb6ca,2024-01-22_13-25-32,1705947932,3.7766501903533936,152.54135990142822,22860,shossain-Legion-5,10.226.80.58,152.54135990142822,1472,46,"[70.0, 60.0, 50.0, 50.0, 60.0, 50.0, 50.0, 50.0, 70.0, 60.0, 50.0, 50.0, 40.0, 70.0, 60.0, 50.0, 50.0, 60.0, 50.0, 60.0, 60.0, 50.0, 40.0, 60.0, -16.0, 60.0, 40.0, 60.0, 50.0, 50.0, 60.0, 50.0, 50.0, 50.0, 60.0, 59.0, 50.0, 70.0, 41.0, 60.0, 60.0, 50.0, 50.0, 50.0, 60.0, 60.0, 39.0, 60.0, 60.0, 60.0, -38.0, 6.0, 50.0, 69.0, 50.0, 59.0, 50.0, 50.0, 50.0, 50.0, 17.0, 49.0, 60.0, 60.0, 60.0, 40.0, 49.0, 70.0, 40.0, 60.0, 60.0, 60.0, 50.0, 70.0, 50.0, 50.0, 50.0, 50.0, 50.0, 42.0, 70.0, 50.0, 50.0, 40.0, 48.0, 60.0, 39.0, 40.0, 60.0, 50.0, -38.0, -5.0, 44.0, 80.0, 60.0, 50.0, 50.0, 50.0, 60.0, 50.0, 40.0, 60.0, 49.0, 60.0, 60.0, 60.0, 40.0, 69.0, 50.0, 50.0, 50.0, 50.0]","[7, 6, 5, 5, 6, 5, 5, 5, 7, 6, 5, 5, 4, 7, 6, 5, 5, 6, 5, 6, 6, 5, 4, 6, 60, 6, 4, 6, 5, 5, 6, 5, 5, 5, 6, 7, 5, 7, 14, 6, 6, 5, 5, 5, 6, 6, 38, 6, 6, 6, 60, 49, 5, 8, 5, 7, 5, 5, 5, 5, 49, 6, 6, 6, 6, 4, 6, 7, 4, 6, 6, 6, 5, 7, 5, 5, 5, 5, 5, 13, 7, 5, 5, 4, 18, 6, 5, 4, 6, 5, 60, 60, 22, 8, 6, 5, 5, 5, 6, 5, 4, 6, 6, 6, 6, 6, 4, 8, 5, 5, 5, 5]",0.10680317378573305,1.040748714278598,0.043096071958401934,0.7459054845604818,0.0,0.07,457300.606,2.758,11601.097,46000,46000,360032,32,360032,45856,90,9.6,52.86,"[ 1.4154606   1.4154606   0.14203644 -9.56064    -6.700943   -1.8427105
 -1.3831825   2.3123493   1.0979424  27.211014   -6.7987003  -1.3831825
 27.211014    2.5083923  -1.0178604  -1.4902477  -5.7057686  -0.11709404
 42.5202      2.9589596  -0.7503166   0.1961174  46.850555    4.260807
 -0.0539093   6.0781326  -6.822901   -5.1864357  -5.7057686  -6.700943
 -1.0612965  -0.23297882]",0.0005000000237487257,32.064,10.265675,47.553394,3.2394862
80.0,0.0,54.47142857142857,7.128571428571429,140,0,47000,32,47000,False,4388,47,default,007501b49004447ebb0f0b5791bbb6ca,2024-01-22_13-25-36,1705947936,3.7414276599884033,156.28278756141663,22860,shossain-Legion-5,10.226.80.58,156.28278756141663,1504,47,"[80.0, 59.0, 50.0, 45.0, 60.0, 50.0, 60.0, 49.0, 60.0, 50.0, 50.0, 70.0, 70.0, 59.0, 70.0, 59.0, 60.0, 70.0, 70.0, 59.0, 40.0, 50.0, 50.0, 50.0, 50.0, 50.0, 50.0, 70.0, 50.0, 50.0, 50.0, 70.0, 70.0, 60.0, 59.0, 60.0, 50.0, 50.0, 50.0, 60.0, 50.0, 50.0, 60.0, 50.0, 59.0, 60.0, 50.0, 60.0, 60.0, 60.0, 60.0, 60.0, 59.0, 60.0, 40.0, 40.0, 50.0, 70.0, 60.0, 70.0, 60.0, 60.0, 50.0, 70.0, 59.0, 70.0, 60.0, 50.0, 50.0, 70.0, 70.0, 70.0, 50.0, 50.0, 50.0, 50.0, 40.0, 50.0, 60.0, 40.0, 70.0, 39.0, 60.0, 50.0, 50.0, 50.0, 70.0, 60.0, 50.0, 60.0, 50.0, 40.0, 40.0, 40.0, 50.0, 50.0, 50.0, 50.0, 50.0, 60.0, 33.0, 70.0, 60.0, 50.0, 50.0, 50.0, 60.0, 38.0, 60.0, 60.0, 60.0, 70.0, 59.0, 70.0, 60.0, 50.0, 50.0, 60.0, 60.0, 1.0, 60.0, 50.0, 40.0, 50.0, 50.0, 60.0, 60.0, 50.0, 0.0, 50.0, 50.0, 50.0, 50.0, 40.0, 50.0, 50.0, 50.0, 50.0, 50.0, 60.0]","[8, 7, 5, 10, 6, 5, 6, 6, 6, 5, 5, 7, 7, 7, 7, 7, 6, 7, 7, 7, 4, 5, 5, 5, 5, 5, 5, 7, 5, 5, 5, 7, 7, 6, 7, 6, 5, 5, 5, 6, 5, 5, 6, 5, 18, 6, 5, 6, 6, 6, 6, 6, 7, 6, 4, 4, 5, 7, 6, 7, 6, 6, 5, 7, 7, 7, 6, 5, 5, 7, 7, 7, 5, 5, 5, 5, 26, 5, 6, 4, 7, 38, 6, 5, 5, 5, 7, 6, 5, 6, 5, 4, 4, 4, 5, 5, 5, 5, 5, 6, 22, 7, 6, 5, 5, 5, 6, 17, 6, 6, 6, 7, 7, 7, 6, 5, 5, 6, 6, 54, 6, 5, 4, 16, 5, 6, 6, 5, 55, 5, 5, 5, 5, 4, 5, 5, 5, 5, 5, 6]",0.10711707824549901,1.0417706027811826,0.04306515922764713,0.752165460532778,0.0,0.063,504577.925,2.819,11351.104,47000,47000,368032,32,368032,46864,92,10.083333333333334,52.93333333333334,"[ 0.9493313   0.9493313   0.2698059  -5.8593597   1.5799446   0.47355652
 -0.61668015  1.5799446  -1.9206581   0.66908264 -1.9206581   1.8880615
  1.5799446   4.2675686  -9.078754   -1.6316509   0.35289574 -2.2425041
 -5.9619637   0.2698059  -1.3243561  -1.1917858  -4.1544685  -1.3243561
  0.9493313  -8.876055    0.47355652 -0.4663353   0.9493313  -4.1544685
 -0.66716766  0.15182495]",0.0005000000237487257,31.442196,10.746632,54.59572,-1.0636845
70.0,-60.0,51.28169014084507,7.049295774647887,142,0,48000,32,48000,False,4530,48,default,007501b49004447ebb0f0b5791bbb6ca,2024-01-22_13-25-40,1705947940,3.8491649627685547,160.13195252418518,22860,shossain-Legion-5,10.226.80.58,160.13195252418518,1536,48,"[64.0, 50.0, -60.0, 60.0, 70.0, 50.0, 50.0, 40.0, 50.0, 60.0, 50.0, 49.0, 60.0, 50.0, 58.0, 50.0, 70.0, 40.0, 60.0, 70.0, 50.0, 70.0, 60.0, 50.0, 60.0, 50.0, 70.0, 60.0, 60.0, 60.0, 50.0, 50.0, 49.0, 59.0, 70.0, 40.0, 60.0, 50.0, 50.0, 50.0, 40.0, 60.0, 50.0, 50.0, 60.0, 50.0, 60.0, 50.0, 50.0, 50.0, 50.0, 50.0, 60.0, 50.0, 50.0, 60.0, 60.0, 50.0, 50.0, 50.0, 60.0, 50.0, 50.0, 50.0, 50.0, 60.0, 50.0, 50.0, 50.0, 60.0, 40.0, 40.0, 50.0, 49.0, 70.0, 50.0, 60.0, 40.0, 50.0, 50.0, 40.0, 48.0, 50.0, 50.0, 50.0, 60.0, 60.0, -5.0, 19.0, 50.0, 40.0, 60.0, 70.0, 50.0, 40.0, 41.0, 40.0, 50.0, 70.0, 22.0, 50.0, 49.0, 50.0, 59.0, 60.0, 50.0, 50.0, 60.0, 50.0, 60.0, 23.0, 60.0, 50.0, 50.0, 50.0, 60.0, 50.0, 40.0, 70.0, 50.0, 60.0, 50.0, 60.0, 50.0, 50.0, 50.0, 50.0, 40.0, 50.0, 40.0, 50.0, 50.0, 50.0, 60.0, 50.0, 70.0, 50.0, 60.0, 48.0, 50.0, 50.0, 60.0]","[13, 5, 60, 6, 7, 5, 5, 4, 5, 6, 5, 6, 6, 5, 8, 5, 7, 4, 6, 7, 5, 7, 6, 5, 6, 5, 7, 6, 6, 6, 5, 5, 6, 7, 7, 4, 6, 5, 5, 5, 4, 6, 5, 5, 6, 5, 6, 5, 5, 5, 5, 5, 6, 5, 5, 6, 6, 5, 5, 5, 6, 5, 5, 5, 5, 6, 5, 5, 5, 6, 4, 4, 5, 6, 7, 5, 6, 4, 5, 5, 4, 7, 5, 5, 5, 6, 6, 60, 47, 5, 4, 6, 7, 5, 4, 14, 4, 5, 7, 22, 5, 6, 5, 7, 6, 5, 5, 6, 5, 6, 43, 6, 5, 5, 5, 6, 5, 4, 7, 5, 6, 5, 6, 5, 5, 5, 5, 4, 5, 4, 5, 5, 5, 6, 5, 7, 5, 6, 18, 5, 5, 6]",0.10745318387290373,1.0434474123733468,0.04308061454100463,0.7588791302354563,0.0,0.064,500812.418,2.517,12714.106,48000,48000,376032,32,376032,47872,94,10.02,52.96,"[ 0.43110752 -0.44592285 -5.6758156  -4.7760735  -0.03158379 -0.44592285
 -0.21339417 -1.6740332  -7.360241    3.4192085  -0.514204    1.1934643
  2.9660435  -1.9810715   0.8516779  -0.93870735  0.13191223 -0.44592285
 -6.804985   -0.80674744 -3.976101   -0.5238991  -3.2107773   3.6047096
  3.5597095   6.8710136   0.4604931  -6.804985   -6.760515   -6.9929733
  2.9660435   3.8819351 ]",0.0005000000237487257,32.779213,7.5011654,53.874737,-0.93895495
80.0,20.0,53.5364238410596,6.635761589403973,151,0,49000,32,49000,False,4681,49,default,007501b49004447ebb0f0b5791bbb6ca,2024-01-22_13-25-44,1705947944,4.041616916656494,164.17356944084167,22860,shossain-Legion-5,10.226.80.58,164.17356944084167,1568,49,"[49.0, 80.0, 50.0, 60.0, 40.0, 40.0, 50.0, 50.0, 50.0, 50.0, 49.0, 50.0, 59.0, 40.0, 70.0, 40.0, 50.0, 70.0, 60.0, 50.0, 20.0, 60.0, 50.0, 49.0, 60.0, 60.0, 50.0, 60.0, 70.0, 50.0, 69.0, 50.0, 60.0, 60.0, 50.0, 50.0, 60.0, 60.0, 70.0, 22.0, 60.0, 50.0, 40.0, 60.0, 50.0, 40.0, 50.0, 70.0, 50.0, 40.0, 60.0, 50.0, 50.0, 49.0, 48.0, 50.0, 60.0, 50.0, 50.0, 50.0, 50.0, 50.0, 50.0, 60.0, 50.0, 50.0, 60.0, 60.0, 50.0, 60.0, 70.0, 50.0, 60.0, 59.0, 50.0, 50.0, 60.0, 40.0, 50.0, 50.0, 60.0, 60.0, 50.0, 60.0, 60.0, 60.0, 50.0, 50.0, 70.0, 50.0, 50.0, 60.0, 50.0, 50.0, 50.0, 50.0, 60.0, 49.0, 60.0, 80.0, 70.0, 50.0, 50.0, 50.0, 40.0, 50.0, 50.0, 50.0, 50.0, 50.0, 60.0, 50.0, 50.0, 59.0, 60.0, 60.0, 50.0, 59.0, 70.0, 60.0, 50.0, 60.0, 60.0, 60.0, 50.0, 50.0, 50.0, 50.0, 50.0, 60.0, 50.0, 50.0, 60.0, 60.0, 44.0, 70.0, 42.0, 60.0, 70.0, 60.0, 50.0, 60.0, 50.0, 40.0, 50.0, 40.0, 69.0, 33.0, 60.0, 26.0, 40.0]","[6, 8, 5, 6, 4, 4, 5, 5, 5, 5, 6, 5, 7, 4, 7, 4, 5, 7, 6, 5, 35, 6, 5, 6, 6, 6, 5, 6, 7, 5, 8, 5, 6, 6, 5, 5, 6, 6, 7, 33, 6, 5, 4, 6, 5, 4, 5, 7, 5, 4, 6, 5, 5, 6, 7, 5, 6, 5, 5, 5, 5, 5, 5, 6, 5, 5, 6, 6, 5, 6, 7, 5, 6, 7, 5, 5, 6, 4, 5, 5, 6, 6, 5, 6, 6, 6, 5, 5, 7, 5, 5, 6, 5, 5, 5, 5, 6, 17, 6, 8, 7, 5, 5, 5, 4, 5, 5, 5, 5, 5, 6, 5, 5, 7, 6, 6, 5, 7, 7, 6, 5, 6, 6, 6, 5, 5, 5, 5, 5, 6, 5, 5, 6, 6, 22, 7, 35, 6, 7, 6, 5, 6, 5, 4, 5, 4, 8, 22, 6, 40, 4]",0.10786338041360077,1.0451657687257048,0.043054324836502844,0.7648847338661913,0.0,0.065,495451.192,2.76,11595.785,49000,49000,384032,32,384032,48880,96,9.816666666666665,52.86666666666667,"[ 0.46323967  0.27212143  0.27212143  0.5691471  35.86268    -1.7339592
  4.1161175  -1.3418655  -4.1631565  -1.0753117  -0.18914032 -0.39727592
  0.382473   -0.5356331   3.5346184   4.134264   -1.3418655   2.901411
 -6.604397   -6.3691635  -4.279251    4.829811   -7.0501976  -0.9670334
  1.6849442  -4.1631565  -1.3418655  -1.3418655   0.6087055   0.47438812
 -6.3691635  -0.9670334 ]",0.0005000000237487257,34.78595,10.569147,55.85091,0.3085845
80.0,-38.0,51.888888888888886,7.912698412698413,126,0,50000,32,50000,False,4807,50,default,007501b49004447ebb0f0b5791bbb6ca,2024-01-22_13-25-48,1705947948,3.7997384071350098,167.97330784797668,22860,shossain-Legion-5,10.226.80.58,167.97330784797668,1600,50,"[59.0, 60.0, 50.0, 80.0, 50.0, 50.0, 38.0, 50.0, 50.0, 60.0, 50.0, 50.0, 50.0, 40.0, 50.0, 60.0, 70.0, 24.0, 50.0, 50.0, 46.0, 50.0, 60.0, 50.0, 60.0, 44.0, 60.0, 50.0, 22.0, 60.0, 60.0, 50.0, 60.0, 50.0, 40.0, 50.0, 50.0, 50.0, 50.0, 50.0, 49.0, 60.0, 50.0, 50.0, 60.0, 70.0, 60.0, 50.0, 60.0, 50.0, -2.0, 50.0, 50.0, 60.0, 60.0, 50.0, 20.0, 60.0, 49.0, 50.0, 60.0, 60.0, 60.0, 60.0, 70.0, 40.0, 50.0, 50.0, 50.0, 50.0, 50.0, 50.0, 61.0, 60.0, 40.0, 60.0, 60.0, 50.0, 50.0, 50.0, 50.0, 60.0, 70.0, 60.0, 59.0, 50.0, 50.0, 50.0, 60.0, 50.0, 60.0, 70.0, 50.0, 28.0, 60.0, 50.0, 60.0, 60.0, 60.0, 50.0, 50.0, 50.0, 59.0, 50.0, 60.0, 70.0, 70.0, 40.0, 60.0, 60.0, -38.0, 22.0, 50.0, 59.0, 50.0, 60.0, 60.0, 50.0, 50.0, 50.0, 40.0, 49.0, 60.0, 50.0, 60.0, 50.0]","[7, 6, 5, 8, 5, 5, 17, 5, 5, 6, 5, 5, 5, 4, 5, 6, 7, 31, 5, 5, 9, 5, 6, 5, 6, 11, 6, 5, 33, 6, 6, 5, 6, 5, 4, 5, 5, 5, 5, 5, 6, 6, 5, 5, 6, 7, 6, 5, 6, 5, 57, 5, 5, 6, 6, 5, 35, 6, 6, 5, 6, 6, 6, 6, 7, 4, 5, 5, 5, 5, 5, 5, 16, 6, 4, 6, 6, 5, 5, 5, 5, 6, 7, 6, 18, 5, 5, 5, 6, 5, 6, 7, 5, 27, 6, 5, 6, 6, 6, 5, 5, 5, 7, 5, 6, 7, 7, 4, 6, 6, 60, 33, 5, 7, 5, 6, 6, 5, 5, 5, 26, 6, 6, 5, 6, 5]",0.10813927855964364,1.046451544113649,0.043050110028988404,0.771218129523823,0.0,0.065,495085.681,2.534,12629.166,50000,50000,392032,32,392032,49888,98,10.04,52.9,"[-6.286934    1.5732422   7.3316917  -1.3043365   0.26584244 -2.9366646
 -1.5977612  -1.2700291   1.6906395   1.5732422   0.5626068  -0.10657883
 -0.30327606  4.604122    0.7239351  -1.3043365  -1.2527618   0.43074512
  0.45993042  1.4255371  -0.30327606 -1.3043365   4.3166695   0.87065506
  0.26581573 40.252792   -1.3043365   0.5626068  -9.821715   -5.8985977
  3.2660408   0.5626068 ]",0.0005000000237487257,34.69538,7.9478893,55.090458,1.1169931
